1.0078-0.087571j,-0.53679+0.026042j,-0.0068076+0.0023199j,0.46201-0.03454j,1e+07
0.99888+0.011047j,-0.64053-0.01917j,0.00066035-0.00067324j,0.57299-0.0030393j,1.0223e+07
0.97667-0.0057303j,-0.6413+0.0055985j,-0.00012883+0.00018403j,0.5735-0.0023285j,1.045e+07
0.99272-0.010466j,-0.65135-0.0026744j,-0.00068385+0.00048149j,0.58489-0.00013546j,1.0683e+07
0.98691+0.006937j,-0.6519-0.014794j,-0.00095682+0.00063878j,0.5781+0.018059j,1.0921e+07
1.0089-0.007635j,-0.67135+0.0089445j,0.00011287+0.0017474j,0.60056-0.0020559j,1.1164e+07
1.0066+0.021328j,-0.67729-0.017032j,-0.00087754+0.00035335j,0.59049+0.0069188j,1.1413e+07
0.98889+0.0076057j,-0.68809-0.0052529j,7.2927e-05+0.00051257j,0.61251-0.0081167j,1.1667e+07
1.0188-0.0094131j,-0.6892+0.0030607j,-0.00010133+0.00064785j,0.59946+0.0011382j,1.1927e+07
1.0012+0.0026005j,-0.68468-0.0038514j,-0.001572+0.00073721j,0.59595+0.011429j,1.2192e+07
0.99319-0.010362j,-0.68805+0.0087887j,0.0014888-0.0017984j,0.61308-0.00095545j,1.2464e+07
0.9977+0.01447j,-0.70038-0.012656j,0.0017741-0.00060828j,0.60619+0.0041489j,1.2741e+07
1.0041-0.0092202j,-0.70188+0.0099447j,0.00095398-0.0021277j,0.617-0.0069534j,1.3025e+07
1.0005+0.021581j,-0.70902-0.0043264j,-0.00013928+0.0016979j,0.61485-0.0047167j,1.3315e+07
0.99603-0.005343j,-0.71271+0.011544j,-7.1914e-05+0.0007511j,0.61293-0.0044871j,1.3612e+07
1.0077-0.007234j,-0.71756+0.0076049j,-0.00033915-3.3079e-05j,0.61606-0.0076019j,1.3915e+07
0.99715+0.0021035j,-0.70242+0.0035575j,-3.1598e-06-4.046e-05j,0.61468-0.0038089j,1.4225e+07
0.99873+0.0013118j,-0.71+0.0010345j,-0.0011552-0.00099387j,0.61469+0.010747j,1.4541e+07
1.0014+0.0063459j,-0.72421-0.0016339j,0.00123+0.001151j,0.62318-0.0037366j,1.4865e+07
0.99199-0.0036031j,-0.71325+0.0082079j,-5.6748e-05-0.00023208j,0.61895-0.00012939j,1.5196e+07
0.99494+0.0018609j,-0.72051+0.0053227j,-0.00021436+0.00057196j,0.61488+0.0079427j,1.5535e+07
1.0027-0.0042483j,-0.72258+0.011246j,-0.0011938+0.00043747j,0.61701-0.00050789j,1.5881e+07
1.0052+0.0018987j,-0.7339+0.0046103j,0.00060133+0.00023821j,0.62433-0.001216j,1.6234e+07
1.0154-0.0049518j,-0.73637+0.012732j,-7.5449e-05+0.00037972j,0.61632+0.0046166j,1.6596e+07
0.98771+0.0045989j,-0.71728+0.0052294j,0.00040455-3.3467e-05j,0.6193+0.0028313j,1.6965e+07
1.0005+0.00055241j,-0.73136+0.0024003j,-4.5484e-05-0.00036097j,0.61834-0.0028281j,1.7343e+07
0.99894-0.0012562j,-0.73756+0.0063024j,-0.00040345-0.00033985j,0.62644+0.00031393j,1.7729e+07
0.9993-0.0018767j,-0.7349+0.0083773j,-0.00058977-0.00060964j,0.6171-0.0044097j,1.8124e+07
1.0005+0.0016767j,-0.72499+0.0053764j,2.4815e-05+0.00068113j,0.62456+0.0030589j,1.8528e+07
1.0002+0.0073254j,-0.73204+0.00047749j,0.00012201+0.00026601j,0.6225-0.0038301j,1.894e+07
0.99642+0.0045225j,-0.73734+0.0041805j,-1.6806e-05-0.00037434j,0.62784-0.0075827j,1.9362e+07
0.99304-0.0080076j,-0.73143+0.012735j,-0.00064099+0.00048981j,0.62432-0.0054449j,1.9793e+07
0.99522-0.0038731j,-0.7346+0.0028194j,-0.00031931+0.00040614j,0.62749+0.0079353j,2.0234e+07
0.99313-0.0060015j,-0.73368+0.010315j,0.00017596-0.00060663j,0.63029-0.0014259j,2.0685e+07
1.0026-0.0035917j,-0.74059+0.005691j,0.00043481+0.00017758j,0.63009+0.0002929j,2.1145e+07
1.0045+0.0052072j,-0.74466-0.0019741j,0.00030004+0.00048214j,0.63366-0.002576j,2.1616e+07
1.0104+0.0029308j,-0.74864+0.0018391j,-5.1205e-05+0.000258j,0.63165+0.00071365j,2.2098e+07
0.99747-0.0047953j,-0.7449+0.0038727j,-0.00020035+0.00042767j,0.62719-0.0057666j,2.259e+07
0.99848+0.0029254j,-0.74232+0.0077965j,-7.38e-06-0.00017678j,0.63186-0.0042577j,2.3093e+07
1.0021-0.015969j,-0.7483+0.015208j,0.00047702+9.5984e-05j,0.63568-0.0028569j,2.3607e+07
1.0012+0.0017802j,-0.75001+0.0044807j,0.00022059+0.00061183j,0.63645-0.0050025j,2.4133e+07
0.999+0.0044181j,-0.74676+0.0016027j,0.00011472+0.00024659j,0.63755+0.0080612j,2.467e+07
1.0006-0.00085308j,-0.75123+0.0041515j,1.2955e-05+0.00010332j,0.63565+0.00029255j,2.522e+07
1.0049+0.0067076j,-0.75326+0.0015738j,-0.00011793+2.1135e-05j,0.63973-0.00011614j,2.5781e+07
1.0004-0.0014537j,-0.75082+0.0033837j,-0.00027708+0.00022808j,0.63493-0.0019613j,2.6355e+07
1.001+0.00029758j,-0.75034+0.0031423j,0.00022335+0.00021963j,0.63581+0.0011169j,2.6942e+07
1.0027-0.0032545j,-0.75145+0.0061023j,-0.00017559+0.00017642j,0.63919-0.0030792j,2.7542e+07
1.0025-0.0030245j,-0.75434+0.0027337j,-2.4011e-05+6.4684e-05j,0.63691-0.00080172j,2.8156e+07
1.0017+0.0015348j,-0.75278+0.0018152j,-0.00012455+7.9179e-05j,0.64104-0.0039208j,2.8783e+07
1.0025+0.00068501j,-0.75484+0.0053602j,6.4618e-05+0.00026324j,0.6433+0.0010383j,2.9423e+07
1.0033+0.00032897j,-0.75311+0.0044366j,-0.00021689+0.00012432j,0.64293+0.00047699j,3.0079e+07
0.99627+0.0045292j,-0.75559+0.0042801j,7.4403e-06+0.00019062j,0.64268-0.00088028j,3.0749e+07
0.99731-0.0025955j,-0.75562+0.0050653j,-0.00028999+0.00023686j,0.64615-0.00080172j,3.1433e+07
1.0007+0.00015019j,-0.76084+0.0034077j,-5.9778e-05+0.00020408j,0.64517-3.8349e-06j,3.2133e+07
0.99862+0.00021061j,-0.75852+0.0021744j,6.0403e-05+0.00023028j,0.64737-0.002515j,3.2849e+07
1.0009+0.00029604j,-0.76067+0.0042236j,0.00030572+3.3172e-05j,0.64637+0.0012574j,3.358e+07
0.99834+0.001347j,-0.75937+0.003636j,-4.5115e-05+0.00017257j,0.64533-0.0010474j,3.4328e+07
1.0014-0.00063623j,-0.76151+0.0081213j,-5.0304e-05+0.00031814j,0.64659+0.00064425j,3.5093e+07
1.0008+0.0039347j,-0.76004+0.0021781j,-0.00010077+0.00012614j,0.64605-0.0013346j,3.5874e+07
0.99766+1.4326e-05j,-0.75954+0.0054343j,-1.6252e-05+0.00018263j,0.65062-0.00087231j,3.6673e+07
0.99887-0.0019771j,-0.76279+0.0052639j,8.2089e-05+4.8998e-05j,0.64656-0.0027211j,3.749e+07
0.99726+1.629e-05j,-0.76345+0.002507j,3.7389e-05+0.00038343j,0.64914+0.0011389j,3.8324e+07
1.0065+0.0014456j,-0.76717+0.0035073j,9.2884e-05+0.00013424j,0.64788+0.00051493j,3.9178e+07
1.0009+0.00011972j,-0.76091+0.0038487j,-0.00014904+0.00043778j,0.64553+0.00030138j,4.005e+07
1.0049-0.0018643j,-0.76428+0.0053707j,2.5351e-05+0.00013818j,0.64988-0.0031227j,4.0942e+07
1.0003-0.00034274j,-0.76488+0.0035567j,0.00028371+0.00034985j,0.64861-0.0034828j,4.1854e+07
0.99977+0.0016286j,-0.76605+0.0032627j,-0.00012613+4.189e-05j,0.65013+0.00051837j,4.2786e+07
0.99875+0.0028257j,-0.76453+0.0027211j,1.7194e-05+0.00011077j,0.65112-0.001433j,4.3739e+07
0.99798+0.0025318j,-0.76848+0.0016445j,4.8977e-05+0.00015141j,0.65173-0.000265j,4.4713e+07
0.99752-0.001301j,-0.76917+0.007316j,-2.4497e-05-3.9612e-05j,0.65488-0.0023573j,4.5709e+07
0.99901-0.0024763j,-0.7708+0.0031208j,-3.0519e-05+3.8611e-05j,0.65347+0.0021309j,4.6726e+07
1.0002-0.00079776j,-0.77077+0.0035125j,-0.00016693-9.1073e-05j,0.65446-0.0001552j,4.7767e+07
1.0014-0.0020761j,-0.77448+0.0013212j,-4.2567e-05-3.9654e-05j,0.65582+0.0017667j,4.8831e+07
1.0018-0.0010912j,-0.77654+0.0032784j,-3.1015e-06+0.0002113j,0.65107-0.00056054j,4.9918e+07
1.0022-0.00031892j,-0.77684+0.0032732j,0.00010111-0.00018429j,0.65293+5.9583e-05j,5.103e+07
1.0014-0.0061811j,-0.7737+0.004327j,0.00018839+0.00026953j,0.6537-1.3699e-05j,5.2166e+07
1.0014+0.0033793j,-0.77663+0.00083726j,-0.00022275+0.00019977j,0.65728+0.00083858j,5.3328e+07
0.99936-0.00042667j,-0.77824+0.0017886j,-0.00019542+0.0004192j,0.65492+0.00015791j,5.4515e+07
0.99785-0.0030701j,-0.77605+0.0037615j,0.0001195+0.00033879j,0.65535-0.00088471j,5.5729e+07
0.9986-0.00076429j,-0.77691+0.0037947j,-0.00011127+0.00016845j,0.65717-0.001135j,5.697e+07
1.0063-0.0021182j,-0.78037+0.0018534j,5.0526e-05+0.00015611j,0.65781-0.00062464j,5.8239e+07
1.0033+0.0034665j,-0.77808+0.0013702j,3.4757e-05+6.7904e-05j,0.65631-7.8269e-05j,5.9536e+07
0.9994+0.0037406j,-0.77661-0.0011632j,0.00012135+0.00031934j,0.65691-0.00018158j,6.0862e+07
0.99939-0.0022774j,-0.77954+0.0054567j,-0.00019535+0.00031738j,0.65688-0.0011484j,6.2217e+07
0.99784+0.0026794j,-0.77884+0.0024614j,8.3288e-05+0.00037082j,0.65766-0.0032661j,6.3603e+07
0.99849-0.0018473j,-0.77542+0.0037917j,-0.00013499+0.00044434j,0.65563-0.0031353j,6.5019e+07
0.99976-0.0012084j,-0.77921+0.0039126j,-0.00014009+0.00016209j,0.65801-0.0016094j,6.6467e+07
1.0012-0.0040585j,-0.78134+0.0056553j,0.00025708+0.00017938j,0.6588-0.0024309j,6.7947e+07
0.99828+0.0033725j,-0.78256+0.0019139j,-5.2349e-05+0.00028402j,0.65996-0.0027637j,6.946e+07
1.0017-0.0013578j,-0.78451+0.0027484j,-0.00024578+0.00039763j,0.66111-0.0023211j,7.1007e+07
0.99985-0.0023353j,-0.78691+0.0029602j,4.0615e-05+0.00031261j,0.66295-0.0029724j,7.2588e+07
0.9989+0.00020067j,-0.78394+0.002106j,-0.00011388+0.00031889j,0.65962-0.0032469j,7.4205e+07
1.0027-0.0015043j,-0.78947+0.0049287j,2.9079e-05+0.00041531j,0.66187-0.0028388j,7.5857e+07
0.99964-0.0017804j,-0.78738+0.0024568j,-1.48e-06+0.00032273j,0.6615+0.001191j,7.7547e+07
0.99633-0.0028329j,-0.78384+0.0062067j,0.00031264+0.00048563j,0.66215-0.0021194j,7.9273e+07
1.0004-0.00041074j,-0.78552+0.0036793j,-7.6565e-05+0.00023144j,0.66069-0.0011244j,8.1039e+07
0.99754-0.0016413j,-0.78735+0.0047589j,-0.00011268+0.00021648j,0.66394-0.0010417j,8.2843e+07
1.0013-0.0023584j,-0.79067+0.0055049j,-1.1104e-05+0.0003016j,0.66255-0.0014204j,8.4688e+07
1.0005-0.00059012j,-0.79241+0.0030334j,3.7803e-05+0.00042696j,0.66318-0.0023819j,8.6574e+07
1.0025+0.0020863j,-0.78935+0.0041823j,2.2425e-05+0.00010943j,0.66481-0.0021975j,8.8502e+07
0.99769+0.00018386j,-0.79068+0.0034457j,-1.1623e-05+0.00021633j,0.66445+0.00046665j,9.0473e+07
0.99891-0.0020021j,-0.78875+0.004576j,-5.6524e-05+0.00019131j,0.66576-0.00086787j,9.2488e+07
0.99849-0.0029324j,-0.79085+0.0036302j,6.5587e-06+0.00046367j,0.66296-0.00010335j,9.4547e+07
0.99923-0.00097782j,-0.79231+0.0035394j,1.4759e-05+0.00031927j,0.66823-0.0025507j,9.6653e+07
0.99963-0.0002579j,-0.7944+0.0029757j,0.00013856+0.00050971j,0.66604-0.0016774j,9.8805e+07
1.0019-0.00099539j,-0.79641+0.0032375j,0.00020384+0.0004647j,0.66558-0.00099235j,1.0101e+08
0.9987-0.0021456j,-0.79367+0.004557j,-0.0001674+0.00035349j,0.66522-0.0019609j,1.0325e+08
0.99996-0.00058991j,-0.79425+0.0037005j,4.0178e-05+0.00041624j,0.66541-0.0024377j,1.0555e+08
0.9986-0.0019367j,-0.79468+0.0039747j,-4.2032e-05+0.00033884j,0.6661-0.0012445j,1.079e+08
1.0004-0.0015959j,-0.79439+0.0035571j,1.4292e-05+0.00047092j,0.66579-0.0020977j,1.1031e+08
1.0017+0.00020319j,-0.79834+0.003728j,2.0511e-05+0.00046261j,0.66788-0.00068528j,1.1276e+08
1.0005-0.0011369j,-0.79711+0.0039212j,1.3122e-05+0.00052685j,0.66658-0.0018401j,1.1528e+08
1.0022-0.0027945j,-0.80039+0.0037667j,-1.7477e-05+0.00042446j,0.66858-0.00088671j,1.1784e+08
0.99814-0.0021173j,-0.80031+0.0041384j,8.1828e-05+0.00034649j,0.66857-0.0021155j,1.2047e+08
0.99935-0.001733j,-0.80112+0.0037083j,-2.4813e-06+0.00046853j,0.66733-0.0012761j,1.2315e+08
1.0006-0.0026091j,-0.79994+0.0031064j,-0.00014414+0.0004794j,0.66753-0.0021559j,1.2589e+08
0.99899-0.002719j,-0.79903+0.0042823j,-1.8271e-06+0.00053019j,0.66892-0.0015493j,1.287e+08
1.0005-0.0024149j,-0.80023+0.0037648j,-1.5858e-05+0.00052183j,0.66888-0.0012195j,1.3156e+08
1.0007-0.0013467j,-0.80126+0.0027921j,7.9197e-05+0.00068433j,0.66781-0.00093353j,1.3449e+08
1.0014-0.0027172j,-0.80564+0.0038991j,-2.9174e-06+0.0005647j,0.66909-0.0023142j,1.3749e+08
0.99996-0.0018401j,-0.80197+0.0049467j,-4.0767e-05+0.00039889j,0.66852-0.0030574j,1.4055e+08
1.0006-0.0025903j,-0.80518+0.0043317j,8.5327e-05+0.00059847j,0.67187-0.0032182j,1.4368e+08
0.99892-0.00089107j,-0.8037+0.003276j,4.4678e-05+0.0005787j,0.66967-0.002321j,1.4688e+08
1.0025-0.0025043j,-0.80419+0.003004j,-1.8318e-05+0.00062651j,0.66962-0.0019461j,1.5015e+08
1.0011-0.0020228j,-0.80445+0.0026554j,8.0428e-05+0.0004999j,0.67076-0.0017524j,1.5349e+08
0.99998-0.0023575j,-0.80296+0.0035601j,-0.00014387+0.00063489j,0.66987-0.002808j,1.5691e+08
0.9996-0.0019534j,-0.80181+0.0032616j,1.2969e-05+0.00068702j,0.67139-0.0023401j,1.604e+08
1.0002-0.0010581j,-0.80299+0.0021079j,-2.9956e-06+0.00055624j,0.67032-0.0023904j,1.6398e+08
1.0006-0.0035707j,-0.80244+0.0028557j,3.1154e-05+0.00057772j,0.66967-0.0012034j,1.6763e+08
1.001-0.0015591j,-0.80456+0.0026352j,7.0498e-05+0.00069152j,0.67088-0.0023514j,1.7136e+08
0.99962-0.0021838j,-0.80356+0.0033678j,-5.9334e-06+0.00066208j,0.6708-0.0019248j,1.7518e+08
0.99981-0.0025036j,-0.8027+0.004384j,-8.9851e-05+0.00074719j,0.67069-0.0031139j,1.7908e+08
0.99899-0.0026788j,-0.8033+0.0043917j,-3.833e-05+0.00060015j,0.66902-0.0013412j,1.8306e+08
1.0019-0.0026469j,-0.80503+0.0035579j,-3.7086e-05+0.00075199j,0.67056-0.0021228j,1.8714e+08
1.0011-0.003745j,-0.80503+0.0060808j,-1.1388e-05+0.00066763j,0.67116-0.0024545j,1.9131e+08
1.001-0.0010018j,-0.80563+0.004461j,3.9978e-06+0.00076002j,0.67253-0.003271j,1.9557e+08
1.0008-0.0028904j,-0.80701+0.0050942j,9.6899e-06+0.00085057j,0.67242-0.0026342j,1.9992e+08
1.0007-0.0018448j,-0.80847+0.0052369j,-6.9843e-05+0.00090239j,0.67197-0.0032684j,2.0438e+08
1.0001-0.0021472j,-0.80783+0.0046009j,6.475e-05+0.00082479j,0.67276-0.0031273j,2.0893e+08
1.001-0.0028533j,-0.80964+0.0049228j,4.3732e-05+0.00094825j,0.67071-0.0019148j,2.1358e+08
1.0018-0.002557j,-0.80849+0.0048729j,0.00016879+0.00077181j,0.67246-0.00060414j,2.1834e+08
1.0005-0.0016772j,-0.80775+0.0039562j,1.7246e-06+0.00086663j,0.6714-0.0020665j,2.232e+08
0.99951-0.0027054j,-0.80882+0.0045805j,-5.0517e-05+0.00088366j,0.67237-0.0029988j,2.2817e+08
1.001-0.0029922j,-0.8105+0.0047107j,-4.3557e-05+0.00097343j,0.67234-0.0025045j,2.3325e+08
0.99886-0.0026062j,-0.80959+0.0043713j,8.0188e-05+0.00090052j,0.67167-0.0016441j,2.3844e+08
0.99918-0.0027298j,-0.80607+0.0049848j,1.9981e-06+0.00094011j,0.67206-0.0026327j,2.4375e+08
0.99807-0.0037796j,-0.8084+0.0063031j,3.4999e-05+0.00094157j,0.67134-0.0022032j,2.4918e+08
0.99996-0.0027998j,-0.80977+0.0051004j,-4.1751e-05+0.00097521j,0.67035-0.0021307j,2.5473e+08
1.0001-0.0048449j,-0.80989+0.0055234j,-3.6281e-05+0.001063j,0.67174-0.0021779j,2.604e+08
1.0003-0.0036571j,-0.8115+0.0056404j,3.0927e-05+0.0011061j,0.67277-0.0028253j,2.662e+08
0.99977-0.0046776j,-0.81195+0.0061069j,0.00016832+0.0010485j,0.67272-0.0031289j,2.7213e+08
1-0.0040412j,-0.81073+0.0058749j,1.4312e-05+0.00095414j,0.67341-0.0026873j,2.7819e+08
1.0002-0.0030549j,-0.81152+0.0042197j,5.8661e-05+0.0009595j,0.67244-0.0032654j,2.8439e+08
1.0006-0.0030886j,-0.81162+0.0040413j,5.6753e-06+0.0011093j,0.6732-0.0030826j,2.9072e+08
0.99985-0.0048691j,-0.81176+0.0050896j,3.2426e-05+0.0011434j,0.67456-0.0036021j,2.9719e+08
0.99914-0.0035307j,-0.81146+0.0038556j,-8.9144e-06+0.0012241j,0.67352-0.0030318j,3.0381e+08
1.0004-0.0043174j,-0.81366+0.0051865j,-3.6157e-05+0.0012714j,0.67381-0.0030097j,3.1058e+08
1.0004-0.0032239j,-0.81305+0.0054879j,1.4776e-05+0.0012168j,0.67421-0.0034961j,3.1749e+08
1.0001-0.0044262j,-0.81459+0.0053287j,-8.4098e-06+0.0012506j,0.67593-0.0031263j,3.2456e+08
1.0003-0.0039135j,-0.81473+0.0055387j,-1.1957e-05+0.0012501j,0.67542-0.0031652j,3.3179e+08
0.99984-0.0036953j,-0.8158+0.0056606j,1.8089e-05+0.0012739j,0.67515-0.0037744j,3.3918e+08
0.99949-0.0029331j,-0.81608+0.0058586j,4.6267e-06+0.0013957j,0.67682-0.0024926j,3.4673e+08
1.0011-0.0039585j,-0.81648+0.0065592j,0.0001418+0.0013471j,0.67758-0.0028793j,3.5445e+08
1.0009-0.0040112j,-0.81679+0.006848j,-7.4799e-05+0.0014114j,0.67653-0.0025588j,3.6235e+08
0.99976-0.0047955j,-0.81714+0.0077111j,-9.4173e-06+0.00145j,0.67667-0.0035124j,3.7042e+08
0.99954-0.0046757j,-0.81929+0.0076628j,2.2978e-05+0.0014724j,0.6756-0.0032805j,3.7867e+08
0.99986-0.0047414j,-0.8183+0.0065944j,5.6529e-05+0.0014819j,0.67561-0.003216j,3.871e+08
0.99985-0.0052678j,-0.81907+0.007192j,5.9594e-05+0.0015288j,0.67789-0.0031425j,3.9572e+08
0.99952-0.0053754j,-0.81884+0.0068679j,7.559e-06+0.0015681j,0.67807-0.0034509j,4.0453e+08
0.99953-0.0045883j,-0.81763+0.0055972j,6.2006e-05+0.0015881j,0.679-0.0035945j,4.1354e+08
0.99997-0.0053208j,-0.8214+0.0043962j,2.5669e-05+0.0016372j,0.68057-0.0037458j,4.2275e+08
0.99979-0.0051688j,-0.8219+0.0074777j,7.4669e-05+0.0016724j,0.6797-0.0037707j,4.3216e+08
0.99996-0.0056544j,-0.81963+0.0080552j,5.5917e-05+0.0016603j,0.67955-0.0039869j,4.4179e+08
1.0001-0.0057163j,-0.81804+0.0084773j,2.114e-05+0.0017367j,0.67935-0.0040146j,4.5162e+08
1.0002-0.0049435j,-0.81834+0.0075226j,4.7774e-05+0.0017612j,0.67878-0.0035966j,4.6168e+08
0.99957-0.0060724j,-0.81635+0.0083144j,5.1034e-05+0.0017785j,0.67982-0.0041174j,4.7196e+08
1.0001-0.005482j,-0.81822+0.0081286j,5.1992e-05+0.0018659j,0.67836-0.0036157j,4.8247e+08
0.99984-0.0063187j,-0.81789+0.0089182j,-1.7006e-05+0.001889j,0.67922-0.0038772j,4.9322e+08
0.99988-0.006381j,-0.81908+0.008929j,-1.4065e-05+0.0019769j,0.67904-0.0040538j,5.042e+08
1.0001-0.0063396j,-0.81995+0.0086567j,3.9015e-05+0.0019898j,0.68034-0.0040252j,5.1543e+08
0.99962-0.0066652j,-0.82084+0.0092605j,4.5356e-05+0.0019837j,0.67959-0.0041439j,5.2691e+08
0.99976-0.0065776j,-0.82097+0.0089517j,2.3078e-05+0.0020568j,0.67989-0.0041212j,5.3864e+08
0.99986-0.006687j,-0.82098+0.0079379j,3.9915e-05+0.0020914j,0.68078-0.0044837j,5.5064e+08
0.99991-0.0068333j,-0.82255+0.0083406j,2.986e-05+0.0021643j,0.68145-0.0049547j,5.629e+08
1.0001-0.0068396j,-0.82085+0.0094018j,4.4467e-05+0.0021816j,0.68094-0.0049212j,5.7543e+08
0.99999-0.0072972j,-0.82028+0.010196j,3.7879e-05+0.0022743j,0.68013-0.0049076j,5.8825e+08
0.99977-0.0073982j,-0.82092+0.0099624j,3.6033e-05+0.002265j,0.68071-0.0048236j,6.0135e+08
1-0.0074086j,-0.82169+0.010062j,2.1155e-05+0.0023581j,0.68174-0.0048176j,6.1474e+08
1.0002-0.0073717j,-0.82325+0.010776j,2.609e-05+0.0023932j,0.68258-0.0046495j,6.2843e+08
1.0001-0.0078726j,-0.82592+0.010573j,1.1517e-05+0.002436j,0.68207-0.0045371j,6.4242e+08
0.99973-0.008003j,-0.82541+0.010229j,4.5996e-05+0.0025246j,0.68099-0.0043208j,6.5673e+08
1.0001-0.007927j,-0.82614+0.010629j,5.7613e-05+0.0025793j,0.6819-0.0050178j,6.7135e+08
1.0001-0.0083199j,-0.82448+0.010209j,5.7883e-05+0.0026348j,0.68114-0.0048886j,6.863e+08
0.99968-0.0086583j,-0.82364+0.010497j,5.842e-05+0.0026735j,0.68156-0.005393j,7.0159e+08
0.99988-0.0086782j,-0.82181+0.011116j,5.787e-05+0.0027491j,0.6817-0.0054232j,7.1721e+08
0.99963-0.0087166j,-0.82134+0.011462j,6.9014e-05+0.0027368j,0.68165-0.0054197j,7.3318e+08
1.0001-0.0089278j,-0.82368+0.011903j,6.3909e-05+0.0028712j,0.68295-0.005335j,7.4951e+08
0.99974-0.0092123j,-0.82296+0.01225j,1.7885e-05+0.0029139j,0.68281-0.0053901j,7.662e+08
0.99965-0.0092065j,-0.82414+0.012143j,6.1281e-05+0.0029572j,0.68192-0.0056307j,7.8326e+08
1.0001-0.0099268j,-0.82517+0.011962j,5.1718e-05+0.0030463j,0.6824-0.0058746j,8.007e+08
0.99981-0.0097699j,-0.82563+0.011703j,5.1047e-05+0.0031122j,0.68231-0.0067213j,8.1854e+08
1.0001-0.010169j,-0.82539+0.012216j,5.906e-05+0.0031638j,0.68277-0.006478j,8.3676e+08
0.99987-0.010115j,-0.82509+0.012858j,9.5836e-05+0.0032671j,0.68451-0.0063815j,8.554e+08
0.99992-0.010975j,-0.82523+0.013532j,0.00010126+0.0033475j,0.68468-0.0066588j,8.7445e+08
1-0.010841j,-0.8275+0.013164j,0.00010808+0.0034072j,0.68446-0.0063879j,8.9392e+08
0.99961-0.011006j,-0.82769+0.013455j,8.4826e-05+0.0034306j,0.68381-0.0064855j,9.1383e+08
1-0.011429j,-0.82767+0.013469j,5.8938e-05+0.0035383j,0.68408-0.0067907j,9.3418e+08
0.99975-0.011531j,-0.82727+0.012674j,8.2043e-05+0.0036444j,0.6847-0.0069918j,9.5498e+08
0.99989-0.01169j,-0.82713+0.013166j,9.8844e-05+0.0037164j,0.68495-0.0069484j,9.7625e+08
0.99964-0.012002j,-0.82618+0.013717j,0.00010494+0.003791j,0.68613-0.0070567j,9.9799e+08
1.0002-0.012119j,-0.82817+0.015379j,0.00011621+0.0038697j,0.68522-0.0068969j,1.0202e+09
0.99975-0.012598j,-0.82633+0.014766j,8.943e-05+0.0039623j,0.68411-0.0072049j,1.0429e+09
0.99979-0.013021j,-0.82783+0.015258j,6.9849e-05+0.0040637j,0.68463-0.0076932j,1.0662e+09
0.99976-0.012776j,-0.82793+0.014193j,9.8074e-05+0.0041194j,0.68526-0.0078966j,1.0899e+09
0.99978-0.013348j,-0.82771+0.015047j,8.9464e-05+0.0042111j,0.68594-0.0079997j,1.1142e+09
0.99973-0.013753j,-0.8288+0.016245j,8.5352e-05+0.0043462j,0.68655-0.007821j,1.139e+09
0.99981-0.013778j,-0.82825+0.016879j,0.00012238+0.0044207j,0.68449-0.0080895j,1.1643e+09
0.99974-0.014527j,-0.82955+0.017209j,0.00013705+0.0045126j,0.68575-0.0083311j,1.1903e+09
0.99945-0.014861j,-0.82946+0.016978j,9.6488e-05+0.004611j,0.68534-0.00884j,1.2168e+09
0.99955-0.014904j,-0.82709+0.01735j,0.00014435+0.0046843j,0.68625-0.0090312j,1.2439e+09
0.99937-0.015381j,-0.82669+0.018117j,0.0001308+0.0048233j,0.68713-0.0088407j,1.2716e+09
1.0001-0.015145j,-0.83179+0.018399j,0.00013064+0.0049123j,0.68661-0.0084899j,1.2999e+09
0.99983-0.015856j,-0.83185+0.018284j,0.00013572+0.0050578j,0.68742-0.0090699j,1.3288e+09
0.99958-0.016452j,-0.83127+0.018222j,0.00016318+0.0051084j,0.68701-0.0095491j,1.3584e+09
0.99988-0.016751j,-0.83064+0.01905j,0.00017567+0.005278j,0.68838-0.0095956j,1.3887e+09
0.99991-0.017094j,-0.83204+0.019691j,0.00018272+0.005354j,0.68931-0.0092707j,1.4196e+09
0.99979-0.017585j,-0.83373+0.018768j,0.00017411+0.0054483j,0.68825-0.0097741j,1.4512e+09
0.99993-0.018131j,-0.83402+0.018543j,0.0017053+0.0053295j,0.68856-0.01077j,1.4835e+09
0.99944-0.017986j,-0.83141+0.018957j,0.00014739+0.0057024j,0.68874-0.010417j,1.5166e+09
0.99974-0.018685j,-0.83217+0.020423j,0.00017235+0.0058471j,0.6882-0.010248j,1.5503e+09
0.9994-0.019229j,-0.83271+0.020761j,0.00020542+0.0059864j,0.68843-0.010703j,1.5849e+09
0.99956-0.019755j,-0.83363+0.021193j,0.00018961+0.0061264j,0.68803-0.011912j,1.6202e+09
0.99951-0.019986j,-0.83128+0.021775j,0.00018452+0.0062519j,0.6886-0.011241j,1.6562e+09
0.9994-0.019937j,-0.83192+0.022386j,0.00016743+0.0063748j,0.68818-0.011035j,1.6931e+09
0.99944-0.020957j,-0.83476+0.022736j,0.00021895+0.0065009j,0.68745-0.011965j,1.7308e+09
0.99924-0.021529j,-0.83418+0.023517j,0.0002333+0.0066434j,0.68779-0.012468j,1.7694e+09
0.99953-0.021967j,-0.83374+0.024405j,0.00021742+0.0067916j,0.68852-0.011983j,1.8088e+09
0.9996-0.022284j,-0.83507+0.024044j,0.00021903+0.0069488j,0.68864-0.012579j,1.8491e+09
0.99957-0.022795j,-0.83297+0.024159j,0.00024298+0.0071496j,0.68828-0.01272j,1.8902e+09
0.99917-0.023064j,-0.83098+0.025402j,0.00025098+0.007208j,0.68919-0.012615j,1.9323e+09
0.99925-0.023871j,-0.83407+0.026105j,0.0002699+0.0074589j,0.68814-0.013176j,1.9754e+09
0.99944-0.024583j,-0.83375+0.024969j,0.00030849+0.0076073j,0.68808-0.014443j,2.0193e+09
0.99906-0.024846j,-0.83217+0.025634j,0.00028506+0.0077566j,0.68897-0.013429j,2.0643e+09
0.99912-0.025295j,-0.8347+0.026719j,0.00029434+0.0079428j,0.688-0.013945j,2.1103e+09
0.99928-0.025973j,-0.83192+0.025983j,0.00028286+0.0080992j,0.68812-0.014627j,2.1573e+09
0.99926-0.026402j,-0.83329+0.027824j,0.00034515+0.008282j,0.68983-0.014247j,2.2053e+09
0.99898-0.026862j,-0.83467+0.027938j,0.00033223+0.0085075j,0.68964-0.01512j,2.2544e+09
0.99932-0.027604j,-0.83312+0.02842j,0.00034296+0.0086298j,0.6907-0.015254j,2.3046e+09
0.99954-0.028103j,-0.83357+0.02957j,0.00040415+0.0088324j,0.68983-0.015127j,2.356e+09
0.99909-0.02872j,-0.83424+0.02902j,0.00030556+0.0089675j,0.68891-0.016813j,2.4084e+09
0.99933-0.029852j,-0.83172+0.029602j,0.00044676+0.0092259j,0.69066-0.016277j,2.462e+09
0.99909-0.030049j,-0.83417+0.030312j,0.00047169+0.0095107j,0.68822-0.016377j,2.5169e+09
0.99952-0.030764j,-0.83298+0.03028j,0.00039262+0.0096523j,0.68996-0.017492j,2.5729e+09
0.99901-0.031635j,-0.83288+0.032362j,0.00042545+0.0099329j,0.68944-0.017113j,2.6302e+09
0.99943-0.032157j,-0.83387+0.031854j,0.00053731+0.010154j,0.68862-0.017961j,2.6888e+09
0.99872-0.032397j,-0.83168+0.033846j,0.00047439+0.010341j,0.68839-0.017709j,2.7487e+09
0.99915-0.033726j,-0.83375+0.034409j,0.00053351+0.01057j,0.68936-0.018766j,2.8099e+09
0.99828-0.033661j,-0.83099+0.036522j,0.00057454+0.010782j,0.6898-0.018231j,2.8725e+09
0.9987-0.035125j,-0.8347+0.037288j,0.00052032+0.011041j,0.68931-0.019368j,2.9364e+09
0.99925-0.036694j,-0.83107+0.038639j,0.0005801+0.011294j,0.69037-0.01947j,3.0018e+09
0.99824-0.036767j,-0.83361+0.038515j,0.00057658+0.011566j,0.69056-0.020134j,3.0687e+09
0.99873-0.037725j,-0.8326+0.038827j,0.00061518+0.011837j,0.6899-0.02043j,3.137e+09
0.99858-0.038485j,-0.83422+0.037025j,0.00077+0.012045j,0.68908-0.02095j,3.2069e+09
0.99834-0.039548j,-0.83524+0.038011j,0.00073067+0.012257j,0.6899-0.020508j,3.2783e+09
0.99862-0.03994j,-0.8375+0.037836j,0.00080254+0.012569j,0.69052-0.022284j,3.3513e+09
0.99827-0.040799j,-0.83636+0.043676j,0.00082378+0.012874j,0.68898-0.022306j,3.4259e+09
0.99883-0.042008j,-0.83431+0.045453j,0.00077736+0.013162j,0.68994-0.02272j,3.5022e+09
0.99837-0.043362j,-0.83504+0.047869j,0.00074041+0.01348j,0.68962-0.022802j,3.5802e+09
0.9982-0.04382j,-0.83229+0.047746j,0.00082721+0.013742j,0.69094-0.023589j,3.6599e+09
0.99793-0.044748j,-0.83573+0.046754j,0.00081437+0.014078j,0.69158-0.024739j,3.7414e+09
0.99781-0.045736j,-0.83446+0.048598j,0.00086019+0.014371j,0.69-0.024697j,3.8247e+09
0.99763-0.047526j,-0.83439+0.049547j,0.00098956+0.014643j,0.69055-0.025423j,3.9099e+09
0.99777-0.047699j,-0.83807+0.04955j,0.00095231+0.014964j,0.68987-0.026028j,3.997e+09
0.99764-0.048798j,-0.8351+0.050006j,0.00099905+0.015281j,0.69017-0.026189j,4.086e+09
0.99773-0.049736j,-0.83591+0.04974j,0.0010985+0.015597j,0.69231-0.026733j,4.177e+09
0.99787-0.051148j,-0.8372+0.050121j,0.0011127+0.015977j,0.6899-0.027868j,4.27e+09
0.99722-0.052094j,-0.83594+0.053315j,0.0011378+0.016299j,0.68876-0.028517j,4.3651e+09
0.99758-0.053483j,-0.83574+0.055097j,0.0012234+0.016644j,0.69155-0.028552j,4.4623e+09
0.99719-0.054337j,-0.83706+0.053643j,0.0012372+0.016978j,0.6909-0.028917j,4.5617e+09
0.99746-0.055785j,-0.83807+0.056392j,0.0012602+0.017359j,0.69028-0.030577j,4.6632e+09
0.99657-0.056389j,-0.83955+0.057494j,0.0013553+0.017805j,0.69085-0.030074j,4.7671e+09
0.99698-0.058295j,-0.83932+0.061243j,0.0014385+0.018187j,0.69067-0.031067j,4.8732e+09
0.99704-0.058917j,-0.83765+0.060965j,0.0014354+0.018507j,0.69227-0.031917j,4.9818e+09
0.99716-0.060701j,-0.83847+0.061743j,0.0014693+0.018955j,0.69229-0.032988j,5.0927e+09
0.99667-0.061949j,-0.83973+0.063591j,0.0015614+0.019325j,0.69086-0.03461j,5.2061e+09
0.99627-0.063289j,-0.83881+0.066906j,0.0016056+0.019901j,0.69272-0.035142j,5.322e+09
0.99674-0.064141j,-0.83952+0.068772j,0.0016764+0.020289j,0.69198-0.035836j,5.4406e+09
0.99624-0.066359j,-0.83859+0.070643j,0.0018134+0.02074j,0.69147-0.03597j,5.5617e+09
0.99631-0.06758j,-0.83959+0.07007j,0.0019282+0.021101j,0.69252-0.036198j,5.6856e+09
0.99591-0.068774j,-0.83644+0.071816j,0.0019552+0.021532j,0.69183-0.036887j,5.8122e+09
0.99571-0.070535j,-0.83594+0.074493j,0.0021012+0.021919j,0.69158-0.037834j,5.9416e+09
0.9951-0.071565j,-0.8375+0.074368j,0.0019942+0.022524j,0.69227-0.03826j,6.0739e+09
0.99511-0.07386j,-0.83948+0.077301j,0.0020802+0.02279j,0.69222-0.040329j,6.2092e+09
0.99483-0.075735j,-0.83989+0.079253j,0.0020844+0.023357j,0.69186-0.040477j,6.3475e+09
0.99461-0.077041j,-0.84047+0.081174j,0.0023001+0.023957j,0.69156-0.041481j,6.4888e+09
0.99447-0.078681j,-0.83886+0.08156j,0.0023581+0.024547j,0.69052-0.042652j,6.6333e+09
0.99436-0.080797j,-0.83806+0.083748j,0.002445+0.025074j,0.6915-0.044107j,6.781e+09
0.99477-0.082283j,-0.83936+0.085759j,0.0024384+0.025623j,0.6922-0.045224j,6.932e+09
0.99396-0.083812j,-0.83622+0.0879j,0.002616+0.026099j,0.69292-0.045408j,7.0864e+09
0.9939-0.085606j,-0.8374+0.088277j,0.0029001+0.026725j,0.69141-0.045877j,7.2442e+09
0.99267-0.087926j,-0.83674+0.092465j,0.002889+0.027384j,0.69184-0.046791j,7.4055e+09
0.99302-0.089898j,-0.84004+0.092534j,0.0031937+0.028021j,0.69059-0.048325j,7.5704e+09
0.99331-0.091427j,-0.8372+0.093038j,0.0032145+0.028582j,0.69113-0.049493j,7.739e+09
0.99285-0.093697j,-0.83526+0.097406j,0.0032793+0.02907j,0.69091-0.049988j,7.9114e+09
0.99246-0.095429j,-0.83727+0.098707j,0.0035611+0.029819j,0.68903-0.051323j,8.0875e+09
0.99199-0.097372j,-0.83676+0.10204j,0.0035366+0.030458j,0.69251-0.052825j,8.2676e+09
0.9917-0.09953j,-0.83562+0.10204j,0.0038667+0.031102j,0.69163-0.05365j,8.4518e+09
0.99163-0.10211j,-0.83735+0.10627j,0.0039602+0.03182j,0.68999-0.054967j,8.64e+09
0.99113-0.10429j,-0.83525+0.10801j,0.0041593+0.032434j,0.69082-0.055698j,8.8324e+09
0.99031-0.107j,-0.83608+0.11087j,0.0043121+0.033298j,0.68961-0.057395j,9.0291e+09
0.99033-0.10868j,-0.83167+0.11201j,0.0046139+0.033785j,0.6894-0.058005j,9.2301e+09
0.99016-0.11113j,-0.83244+0.1162j,0.0046296+0.03468j,0.68925-0.060382j,9.4357e+09
0.98887-0.11357j,-0.83167+0.11779j,0.0049324+0.035189j,0.68963-0.06061j,9.6458e+09
0.98934-0.11617j,-0.83142+0.12051j,0.0050245+0.036053j,0.69015-0.062583j,9.8606e+09
0.98786-0.11903j,-0.83302+0.12143j,0.0054691+0.036851j,0.68985-0.063857j,1.008e+10
0.98822-0.12101j,-0.83055+0.12455j,0.0057138+0.037528j,0.6905-0.065154j,1.0305e+10
0.988-0.12382j,-0.82959+0.12595j,0.0059028+0.038384j,0.69009-0.066755j,1.0534e+10
0.98677-0.1267j,-0.82902+0.12644j,0.0061507+0.039252j,0.68976-0.068434j,1.0769e+10
0.98585-0.13003j,-0.83217+0.13207j,0.0064793+0.039972j,0.68886-0.069697j,1.1009e+10
0.98504-0.13222j,-0.82795+0.13712j,0.0065997+0.040825j,0.68792-0.07038j,1.1254e+10
0.98492-0.13467j,-0.82602+0.13829j,0.0069556+0.041658j,0.68858-0.071726j,1.1504e+10
0.98422-0.13723j,-0.8241+0.14265j,0.0070798+0.042383j,0.68942-0.073401j,1.176e+10
0.98384-0.14032j,-0.82216+0.14925j,0.0070842+0.043539j,0.68907-0.075392j,1.2022e+10
0.98366-0.14387j,-0.82224+0.15454j,0.0073776+0.044371j,0.68861-0.07679j,1.229e+10
0.98234-0.14693j,-0.81986+0.15747j,0.0079298+0.045145j,0.68766-0.078116j,1.2564e+10
0.98171-0.14975j,-0.82137+0.16321j,0.0080582+0.046227j,0.68735-0.07985j,1.2844e+10
0.98033-0.15342j,-0.82267+0.16426j,0.00869+0.04726j,0.68668-0.081541j,1.313e+10
0.97991-0.1582j,-0.82399+0.16435j,0.009023+0.048174j,0.6863-0.085373j,1.3422e+10
0.98016-0.15994j,-0.82052+0.16569j,0.0090879+0.049076j,0.68666-0.087112j,1.3721e+10
0.97781-0.16443j,-0.81747+0.1734j,0.0097338+0.049928j,0.68611-0.08724j,1.4026e+10
0.977-0.16779j,-0.81988+0.17672j,0.010213+0.051167j,0.68427-0.090379j,1.4339e+10
0.97712-0.1712j,-0.81655+0.17492j,0.010532+0.051889j,0.68447-0.093j,1.4658e+10
0.97451-0.17508j,-0.81448+0.18674j,0.011206+0.052838j,0.68239-0.093089j,1.4984e+10
0.97452-0.17857j,-0.81645+0.1824j,0.011119+0.053945j,0.68351-0.096721j,1.5318e+10
0.97247-0.18198j,-0.81263+0.18964j,0.011637+0.05532j,0.6818-0.098311j,1.5659e+10
0.97146-0.18566j,-0.81095+0.18752j,0.012267+0.056359j,0.68062-0.10047j,1.6008e+10
0.97055-0.19j,-0.81061+0.19362j,0.012749+0.057847j,0.67875-0.10306j,1.6365e+10
0.96806-0.19305j,-0.80813+0.20106j,0.012994+0.0591j,0.67866-0.10548j,1.6729e+10
0.96773-0.19699j,-0.80396+0.20513j,0.013925+0.060314j,0.6773-0.10644j,1.7101e+10
0.96599-0.20012j,-0.79836+0.21095j,0.014125+0.061271j,0.67892-0.10786j,1.7482e+10
0.96566-0.2048j,-0.79913+0.21139j,0.015132+0.062275j,0.67907-0.11089j,1.7872e+10
0.9635-0.20991j,-0.7971+0.21503j,0.015314+0.063144j,0.6788-0.11364j,1.827e+10
0.96177-0.21418j,-0.79646+0.22025j,0.01565+0.064427j,0.67675-0.11532j,1.8676e+10
0.95948-0.21842j,-0.79626+0.22083j,0.016966+0.066119j,0.67573-0.11815j,1.9092e+10
0.95785-0.22335j,-0.79803+0.22738j,0.017133+0.067688j,0.6746-0.12146j,1.9518e+10
0.95711-0.22789j,-0.79658+0.22808j,0.018079+0.069049j,0.67458-0.1255j,1.9952e+10
0.95468-0.23106j,-0.79062+0.23152j,0.019096+0.069882j,0.67322-0.12504j,2.0396e+10
0.95219-0.23744j,-0.79367+0.23917j,0.019812+0.072122j,0.6697-0.13013j,2.0851e+10
0.95197-0.24127j,-0.78768+0.24076j,0.020696+0.072954j,0.67144-0.12999j,2.1315e+10
0.94799-0.24736j,-0.79012+0.24454j,0.021792+0.074667j,0.66965-0.13413j,2.179e+10
0.94558-0.25077j,-0.78439+0.24997j,0.023196+0.075637j,0.66867-0.13535j,2.2275e+10
0.94454-0.25637j,-0.78225+0.25485j,0.023501+0.07703j,0.66782-0.1383j,2.2771e+10
0.94365-0.26103j,-0.77876+0.25765j,0.024305+0.078703j,0.66754-0.14191j,2.3278e+10
0.9413-0.26694j,-0.77875+0.26202j,0.024717+0.080401j,0.66587-0.14504j,2.3796e+10
0.94111-0.2721j,-0.77747+0.26097j,0.025195+0.082224j,0.6642-0.14876j,2.4326e+10
0.93752-0.27695j,-0.76875+0.2809j,0.025383+0.084122j,0.66483-0.15112j,2.4868e+10
0.93808-0.28191j,-0.76723+0.27373j,0.026808+0.084288j,0.66509-0.15351j,2.5422e+10
0.9295-0.28287j,-0.75535+0.29521j,0.027132+0.085865j,0.66344-0.15217j,2.5988e+10
0.9254-0.29617j,-0.76123+0.30603j,0.029299+0.088362j,0.65685-0.15904j,2.6567e+10
0.92448-0.29681j,-0.75287+0.30287j,0.029049+0.089242j,0.66275-0.16067j,2.7158e+10
0.91651-0.30447j,-0.75993+0.31153j,0.031871+0.091292j,0.65521-0.16615j,2.7763e+10
0.92325-0.30468j,-0.75106+0.30996j,0.032375+0.092665j,0.65822-0.16663j,2.8381e+10
0.91937-0.31373j,-0.75893+0.31146j,0.033657+0.094407j,0.6599-0.17374j,2.9013e+10
0.91545-0.32541j,-0.75477+0.3246j,0.03436+0.097533j,0.65539-0.17923j,2.9659e+10
0.90853-0.32956j,-0.75527+0.32307j,0.037804+0.098209j,0.65314-0.17982j,3.032e+10
0.90923-0.3357j,-0.7559+0.32973j,0.037067+0.10096j,0.65413-0.18532j,3.0995e+10
0.90524-0.34183j,-0.74623+0.33463j,0.039971+0.10361j,0.65112-0.18618j,3.1685e+10
0.89635-0.34811j,-0.74329+0.33818j,0.04481+0.10439j,0.64396-0.18948j,3.2391e+10
0.89417-0.35762j,-0.73843+0.34787j,0.045044+0.10608j,0.64363-0.19665j,3.3112e+10
0.89262-0.36062j,-0.72863+0.35889j,0.046562+0.10834j,0.63781-0.19466j,3.385e+10
0.8893-0.37343j,-0.73011+0.36019j,0.049118+0.11047j,0.64144-0.20173j,3.4603e+10
0.88054-0.37888j,-0.72126+0.37249j,0.052368+0.1132j,0.63577-0.20683j,3.5374e+10
0.87505-0.38493j,-0.71616+0.38929j,0.051835+0.11372j,0.63291-0.20883j,3.6162e+10
0.87763-0.39676j,-0.71483+0.4008j,0.050199+0.11766j,0.63735-0.21663j,3.6967e+10
0.87238-0.40612j,-0.70507+0.40279j,0.054981+0.12027j,0.63421-0.22216j,3.779e+10
0.85436-0.40389j,-0.68123+0.41738j,0.060538+0.11913j,0.62156-0.22033j,3.8632e+10
0.84549-0.41783j,-0.68579+0.42052j,0.064274+0.1195j,0.62236-0.2311j,3.9492e+10
0.83414-0.40723j,-0.67691+0.41755j,0.069799+0.11764j,0.6136-0.22162j,4.0372e+10
0.83774-0.41664j,-0.67354+0.41837j,0.06836+0.11858j,0.61839-0.22804j,4.1271e+10
0.83217-0.42207j,-0.66764+0.42043j,0.068557+0.11801j,0.61655-0.23016j,4.219e+10
0.83899-0.42735j,-0.67527+0.41861j,0.067369+0.11988j,0.61771-0.23085j,4.3129e+10
0.82714-0.44473j,-0.67311+0.44355j,0.072005+0.12642j,0.61165-0.24555j,4.409e+10
0.81479-0.46205j,-0.66596+0.46525j,0.073186+0.13146j,0.6058-0.25614j,4.5071e+10
0.81103-0.45317j,-0.65267+0.45797j,0.078064+0.12658j,0.59883-0.25253j,4.6075e+10
0.81729-0.46258j,-0.64718+0.4637j,0.077922+0.13291j,0.60009-0.25823j,4.7101e+10
0.80153-0.4885j,-0.66086+0.4769j,0.082777+0.13624j,0.60069-0.26999j,4.815e+10
0.78808-0.49279j,-0.63336+0.49463j,0.090778+0.13891j,0.58479-0.27718j,4.9222e+10
0.75397-0.50159j,-0.6025+0.51497j,0.099181+0.14019j,0.57311-0.27993j,5.0318e+10
0.75384-0.49126j,-0.58738+0.50028j,0.099664+0.13263j,0.57628-0.27029j,5.1439e+10
0.75963-0.48308j,-0.58064+0.50457j,0.098505+0.13258j,0.56711-0.26327j,5.2584e+10
0.74701-0.49858j,-0.57022+0.5079j,0.10189+0.13238j,0.56948-0.27499j,5.3756e+10
0.7447-0.5014j,-0.57515+0.51336j,0.10504+0.13265j,0.56444-0.27813j,5.4953e+10
0.74234-0.49776j,-0.56763+0.50056j,0.10199+0.13317j,0.56358-0.27496j,5.6176e+10
0.73709-0.53313j,-0.57788+0.51016j,0.11223+0.13904j,0.55737-0.28922j,5.7427e+10
0.70897-0.54232j,-0.54825+0.54768j,0.12164+0.1398j,0.54574-0.29668j,5.8706e+10
0.70753-0.5234j,-0.53543+0.5064j,0.12267+0.12645j,0.54627-0.27391j,6.0013e+10
0.69099-0.53816j,-0.54176+0.52655j,0.12355+0.13574j,0.54332-0.29781j,6.135e+10
0.66703-0.53097j,-0.5173+0.5168j,0.13281+0.1244j,0.54095-0.29366j,6.2716e+10
0.68861-0.51182j,-0.52135+0.49814j,0.11713+0.12173j,0.54802-0.2868j,6.4113e+10
0.68082-0.53273j,-0.52733+0.50364j,0.12364+0.13567j,0.55173-0.30532j,6.554e+10
0.65551-0.54291j,-0.51484+0.51138j,0.1324+0.12991j,0.53112-0.30693j,6.7e+10
