1.204+0.060351j,-0.7895-0.059723j,-0.0099432-0.014647j,0.28467-0.13178j,1e+07
1.0081-0.00043988j,-0.7563-0.0063311j,0.0023267-0.00026303j,0.39112-0.0025638j,1.0223e+07
0.98953+0.012497j,-0.75093-0.0083254j,-0.00010077-0.0009669j,0.3903-0.0024415j,1.045e+07
0.98789-0.014327j,-0.75249+0.0043124j,0.00032779+0.0021629j,0.40215+0.0075871j,1.0683e+07
0.99236+0.0052243j,-0.76041-0.017225j,-0.00060071+0.00024877j,0.3926+0.02075j,1.0921e+07
1.0039-0.010331j,-0.77738+0.010556j,0.00067428+0.0025735j,0.40609+0.00022129j,1.1164e+07
1.0154+0.014546j,-0.79163-0.0097792j,0.002002+0.0019058j,0.40781+0.006945j,1.1413e+07
0.99065+0.0055429j,-0.79615+0.0038713j,-7.105e-05+0.0011874j,0.41729-0.0052203j,1.1667e+07
1.0144+0.0031029j,-0.8021-0.0064442j,-0.0012447+0.00033745j,0.40911-3.4281e-05j,1.1927e+07
0.99731+0.0089074j,-0.79883-0.0077997j,0.00095736+0.00019018j,0.41398+0.010438j,1.2192e+07
0.99613-0.0098498j,-0.8014+0.010068j,-0.00073122+8.6371e-05j,0.41744+0.001382j,1.2464e+07
1.0005+0.016206j,-0.81301-0.0090397j,4.0437e-05-0.00019007j,0.41799-0.0035738j,1.2741e+07
1.0136+0.0014694j,-0.81644+0.0059856j,0.00091241-0.000537j,0.41724-0.00096352j,1.3025e+07
0.99762+0.002355j,-0.8156+0.014265j,-0.00042243+0.0010855j,0.42298+0.0083016j,1.3315e+07
1.0006-0.00066954j,-0.82606+0.0073511j,-0.00021982+0.0010731j,0.42481-0.0031255j,1.3612e+07
0.99999-0.010917j,-0.81871+0.017776j,0.00034101-0.00037472j,0.4335-0.0051683j,1.3915e+07
0.99533-0.013534j,-0.81192+0.021143j,-0.0002957+0.00059569j,0.42579-0.0020946j,1.4225e+07
1.0012+2.1581e-05j,-0.82616+0.011065j,0.00012017-0.00021192j,0.43337+0.0017876j,1.4541e+07
0.99566+0.0078112j,-0.83229+0.0031877j,-0.00019366+0.00067828j,0.4373-0.004626j,1.4865e+07
0.99469-0.012309j,-0.83333+0.019146j,7.4727e-05-0.00017404j,0.43803+0.0021652j,1.5196e+07
0.99312+0.0070352j,-0.83079+0.0045405j,6.1621e-05-4.4961e-05j,0.4328+0.008487j,1.5535e+07
1.0077-0.0035253j,-0.84705+0.01392j,-0.00053504-0.00047513j,0.43427-0.00098447j,1.5881e+07
1.0014+0.0046756j,-0.85093+0.0012349j,-0.00010351+0.00034074j,0.44388-0.0014048j,1.6234e+07
1.0083-0.014488j,-0.84962+0.023334j,-0.0001461+0.00038293j,0.43561+0.0024701j,1.6596e+07
0.99707+0.0059854j,-0.84261+0.011789j,0.00012643-4.3417e-05j,0.44061+0.002896j,1.6965e+07
1.0031+0.0075189j,-0.85335+0.0014793j,-0.00020589-0.00044991j,0.44371-0.0030484j,1.7343e+07
0.999+0.0037723j,-0.85552+0.0066889j,-0.00013595+4.3847e-05j,0.44624+0.00056924j,1.7729e+07
1.0033+0.0074929j,-0.85568+0.0049193j,-1.4613e-05-0.00016829j,0.43882+0.0023077j,1.8124e+07
1.0025+0.0078505j,-0.84891+0.0045121j,-0.00044148+0.00070261j,0.44192+0.0028312j,1.8528e+07
0.99905-0.00094313j,-0.85255+0.0072894j,-0.00038172-0.00037693j,0.44681-0.0020617j,1.894e+07
0.99926+0.0014955j,-0.8644+0.0079029j,-1.061e-05+0.00011379j,0.4471-0.0019347j,1.9362e+07
0.99069-0.0066414j,-0.8515+0.016927j,-0.00040641+5.1645e-05j,0.4468-0.0021238j,1.9793e+07
0.99486-0.0027656j,-0.85894+0.0045434j,0.00046781+0.00011542j,0.45382+0.0093834j,2.0234e+07
0.99881-0.011755j,-0.86203+0.014j,-0.00026111+6.0198e-05j,0.44966+0.003009j,2.0685e+07
1.0058-0.0068941j,-0.86805+0.0062721j,-4.7178e-05-5.7262e-05j,0.45084+0.0028084j,2.1145e+07
1.0034+0.00032814j,-0.86639+0.0020991j,-0.00039599+0.00018852j,0.45007-0.00079297j,2.1616e+07
1.0006-0.0010402j,-0.86467+0.0069441j,0.00019321-1.1567e-05j,0.45004-0.0029663j,2.2098e+07
1.0048+0.00090336j,-0.87344+0.0028871j,0.00050637-0.00023369j,0.44844-0.0046523j,2.259e+07
0.9982+9.7957e-06j,-0.86433+0.010403j,0.00017676-8.2338e-05j,0.45252-0.0024385j,2.3093e+07
0.99927-0.0095115j,-0.8643+0.013046j,0.0001205+0.00011508j,0.45068-0.0045999j,2.3607e+07
0.99574+0.001776j,-0.86586+0.0067481j,8.3062e-05+0.00030975j,0.45057-0.0029683j,2.4133e+07
1.0049+0.0075446j,-0.87488+0.0033275j,0.00016833+0.00016814j,0.45671+0.0051639j,2.467e+07
0.99901-0.0035792j,-0.87389+0.0083015j,-0.00028501+0.00031219j,0.45749-0.0015828j,2.522e+07
1.0056+0.0056692j,-0.88253+0.0041081j,-0.0003311+0.00011565j,0.4577-0.0011661j,2.5781e+07
0.99788-0.0015507j,-0.87822+0.0085338j,0.00061587+0.00012681j,0.45479+0.0012816j,2.6355e+07
1.0009-0.002896j,-0.87666+0.010127j,0.00028035+0.00028722j,0.45912+0.0024353j,2.6942e+07
1.0031-0.0014507j,-0.87846+0.005343j,9.0297e-05-0.00017063j,0.45779-0.002964j,2.7542e+07
1.0052-0.0052632j,-0.88118+0.0069252j,-4.6547e-05-3.6149e-06j,0.45739-0.0019367j,2.8156e+07
1.0036+0.0016441j,-0.87987+0.0040864j,0.00016857+6.4452e-05j,0.46176-0.0043123j,2.8783e+07
1.0051+0.0031813j,-0.88042+0.0046547j,0.00010793+2.873e-05j,0.4616-0.0025053j,2.9423e+07
1.0021+0.0032096j,-0.87729+0.0036817j,-0.00039214+0.00020077j,0.46023-0.0001468j,3.0079e+07
0.99788+0.0070999j,-0.88353+0.0044039j,0.0001407+5.006e-05j,0.46049-0.0028863j,3.0749e+07
0.99611+0.0002713j,-0.87778+0.0036777j,5.146e-05+1.6779e-05j,0.46136+0.0004566j,3.1433e+07
0.997-0.00090918j,-0.87995+0.0068263j,0.00030829+0.0002449j,0.46275-0.0015519j,3.2133e+07
0.99711-0.00068906j,-0.88326+0.0052229j,0.00018623+0.00018537j,0.46502-0.00089108j,3.2849e+07
1.0003+0.00030715j,-0.8827+0.0063731j,0.0001416+0.00020207j,0.46483+0.0035554j,3.358e+07
0.99778+0.0027802j,-0.88482+0.0046618j,-0.00026509+0.00014286j,0.46116-0.0013649j,3.4328e+07
1.0001-0.00041866j,-0.88883+0.010081j,5.5263e-05+0.00019293j,0.46589+0.00060836j,3.5093e+07
1.0004+0.0055729j,-0.88238+0.0013829j,0.00011067+0.00014443j,0.46457-0.0012462j,3.5874e+07
1.0009+0.0014809j,-0.88836+0.0045031j,-0.00011149+0.00021616j,0.47147+0.0021241j,3.6673e+07
0.99926+0.00026406j,-0.88789+0.0055027j,-3.6095e-05+0.00016676j,0.46774-0.0013541j,3.749e+07
0.99884+0.00042465j,-0.88979+0.003844j,-0.00020041+0.0002187j,0.47049+0.0026069j,3.8324e+07
1.0036+0.00086233j,-0.89151+0.0055959j,-0.00018054+0.00036596j,0.46686-0.0013112j,3.9178e+07
1.0025-0.00062019j,-0.89338+0.0063684j,-0.0001075+0.00029357j,0.4677-0.0007275j,4.005e+07
1.0038+0.001427j,-0.89276+0.0052144j,0.00017043+0.00026188j,0.47007-0.0025561j,4.0942e+07
1.0001-0.00069826j,-0.8944+0.0046228j,0.00018245+9.9453e-05j,0.46957-0.0037315j,4.1854e+07
0.99978-0.00058615j,-0.8953+0.0064744j,1.0069e-05+0.00026059j,0.47194-0.0003235j,4.2786e+07
0.99844-0.0002483j,-0.89303+0.0052091j,0.00012935+0.00016935j,0.4701-0.00064668j,4.3739e+07
0.99989-0.0026522j,-0.89454+0.0071063j,-0.00012083+0.00024862j,0.46994+0.0018049j,4.4713e+07
0.99709-0.0034335j,-0.89585+0.011353j,-8.3782e-05-0.00016267j,0.47126-0.0021813j,4.5709e+07
0.99796-0.00060376j,-0.89512+0.0039333j,-7.3911e-05+0.0002201j,0.4714+0.0011711j,4.6726e+07
1.001+0.0009283j,-0.89592+0.0038265j,-0.0001554+0.00034707j,0.47298-0.00080211j,4.7767e+07
1.0003+0.0015556j,-0.90078+0.0006069j,0.000133+0.00027268j,0.47619+0.00092661j,4.8831e+07
0.99751-0.0039834j,-0.90341+0.0063148j,-8.0748e-06+0.00033167j,0.47387-0.0029397j,4.9918e+07
0.99838-0.0039314j,-0.90097+0.00735j,-2.2286e-05+0.00010266j,0.47471-0.0004604j,5.103e+07
1.0009-0.0034683j,-0.90255+0.0036754j,9.5191e-05+0.00018168j,0.47488-0.00057202j,5.2166e+07
1.0021+0.0013381j,-0.90533+0.0045673j,-0.00023945+0.0002694j,0.47353+0.00038014j,5.3328e+07
0.99969-0.0025369j,-0.90413+0.0044331j,-0.00012014+0.00026116j,0.47728+0.00087089j,5.4515e+07
0.99875-0.00099137j,-0.90488+0.0043239j,-7.8104e-05+0.00039031j,0.47577-0.0022668j,5.5729e+07
0.99888-0.0054524j,-0.90779+0.007281j,-0.00012288+8.66e-05j,0.47878-0.0012955j,5.697e+07
1.0037+0.0002244j,-0.9062+0.0024315j,-0.00014859+0.00011748j,0.47814+0.00084121j,5.8239e+07
1.0024+0.0047098j,-0.90603+0.0019609j,-8.1996e-06+0.00010233j,0.47773+0.00033103j,5.9536e+07
0.99858-0.0010625j,-0.90572+0.0032096j,2.2739e-05+0.00042102j,0.4775-0.001507j,6.0862e+07
1.001+0.0002914j,-0.90947+0.0049714j,-0.00020401+0.0003034j,0.47898-0.0014113j,6.2217e+07
0.99942+8.3532e-05j,-0.91213+0.0056302j,-9.7751e-05+0.00031581j,0.48007-0.0022481j,6.3603e+07
1.0001+0.00020007j,-0.90992+0.0038618j,-7.6194e-05+0.00050264j,0.47824-0.00082082j,6.5019e+07
0.99903-0.0029915j,-0.91008+0.007043j,-0.00024395+0.00036758j,0.48056-0.0015188j,6.6467e+07
0.99676-0.0025603j,-0.90927+0.0067989j,8.1611e-05+0.00028982j,0.48053-0.00022097j,6.7947e+07
1.0008-0.0025608j,-0.91454+0.0080684j,-0.00013407+0.0005421j,0.47944-0.0019822j,6.946e+07
0.99951-0.00099874j,-0.9138+0.0034723j,-0.000157+0.00022175j,0.48175-0.0026607j,7.1007e+07
1.001-0.0015639j,-0.91397+0.0036989j,0.00022087+0.00038887j,0.48429-0.0028643j,7.2588e+07
0.99839-0.0024262j,-0.91425+0.0064072j,0.00019739+0.00021552j,0.48287-0.0018507j,7.4205e+07
0.9997-0.0013926j,-0.91753+0.0067003j,-0.00013808+0.00046153j,0.48392-0.0029441j,7.5857e+07
1.0016-0.00044632j,-0.91456+0.0021333j,8.0133e-05+0.00015409j,0.48335+0.00073482j,7.7547e+07
0.99745-0.0024855j,-0.91214+0.0070311j,-3.299e-05+0.00043322j,0.48358-0.001495j,7.9273e+07
0.99954+0.00053052j,-0.9173+0.0036975j,0.00015451+0.00030164j,0.4846-0.00026854j,8.1039e+07
0.99918+0.0011395j,-0.9191+0.0037909j,0.00011727+0.00031133j,0.4863-0.00087428j,8.2843e+07
1.0002-0.0020442j,-0.92005+0.0067913j,-0.00014436+0.00040399j,0.48556-0.0022618j,8.4688e+07
0.99963-0.00011512j,-0.92053+0.0029263j,5.4937e-05+0.00022122j,0.48606-0.0022947j,8.6574e+07
1.0021+0.0012018j,-0.92019+0.0054659j,-3.5723e-05+0.00044957j,0.48617-0.0027906j,8.8502e+07
0.99911+0.00034609j,-0.92462+0.0036845j,-2.1582e-05+0.00026271j,0.4871-0.0005885j,9.0473e+07
0.99775+0.00022837j,-0.92185+0.0049059j,8.3435e-05+0.00034075j,0.48721-0.0020175j,9.2488e+07
1.0001-0.0030837j,-0.92548+0.0044288j,-1.1921e-05+0.00036253j,0.48551-0.0014065j,9.4547e+07
0.99838-0.0003465j,-0.92333+0.0038904j,4.4294e-05+0.00041232j,0.48852-0.002354j,9.6653e+07
0.99927-0.0015286j,-0.92487+0.0055242j,-4.2755e-05+0.00040439j,0.48917-0.0019276j,9.8805e+07
0.99905-0.002126j,-0.9266+0.0051096j,0.00015113+0.00042114j,0.48966-4.8915e-05j,1.0101e+08
0.99743-0.0013273j,-0.92744+0.0050398j,1.8691e-05+0.00033469j,0.48882-0.0014687j,1.0325e+08
1.001+0.0001319j,-0.93021+0.0046262j,-7.824e-06+0.00036861j,0.48954-0.0021849j,1.0555e+08
0.99773-0.0010633j,-0.93097+0.0038094j,-5.6312e-05+0.00051961j,0.48993-0.0021524j,1.079e+08
0.99991-0.0020994j,-0.92944+0.00539j,-6.5926e-05+0.00043011j,0.49027-0.0022371j,1.1031e+08
1.0017-0.0015762j,-0.93309+0.0054879j,3.6361e-05+0.00041793j,0.49085-0.00088446j,1.1276e+08
1.0011-0.0011587j,-0.9323+0.004387j,-8.4583e-05+0.00057931j,0.4904-0.0013036j,1.1528e+08
1.0027-0.0042922j,-0.9346+0.0055546j,-4.2124e-05+0.00055332j,0.49094-0.0017091j,1.1784e+08
0.99863-0.00099751j,-0.93319+0.0046743j,4.5477e-05+0.00054015j,0.49049-0.0023679j,1.2047e+08
1.0007-0.001309j,-0.93225+0.004165j,-8.1795e-05+0.00042319j,0.48998-0.0026219j,1.2315e+08
1.0004-0.0022369j,-0.93219+0.0037877j,-2.9345e-05+0.00053821j,0.49163-0.0025442j,1.2589e+08
1.0003-0.0019505j,-0.93408+0.0057704j,-7.2737e-05+0.00043136j,0.49133-0.0026893j,1.287e+08
0.99959-0.0029427j,-0.93466+0.0051541j,4.935e-05+0.00056365j,0.49253-0.0010146j,1.3156e+08
1.0005-0.0019226j,-0.93472+0.004217j,-3.6869e-05+0.00052025j,0.49123-0.002076j,1.3449e+08
0.9997-0.0033218j,-0.93689+0.0052869j,5.3455e-05+0.0006426j,0.49239-0.0026496j,1.3749e+08
0.99847-0.0018176j,-0.93403+0.005738j,2.1946e-05+0.00053339j,0.49135-0.0034966j,1.4055e+08
1.0019-0.003298j,-0.93702+0.0061095j,5.918e-05+0.00061499j,0.49436-0.0021575j,1.4368e+08
1.0001-0.0011124j,-0.93445+0.0039922j,-9.8441e-05+0.00061051j,0.49233-0.0013383j,1.4688e+08
1.0012-0.0035007j,-0.93352+0.0047824j,-2.19e-05+0.0006515j,0.49273-0.0023728j,1.5015e+08
1.0002-0.0020573j,-0.93424+0.003594j,3.8851e-05+0.00056263j,0.49201-0.00136j,1.5349e+08
0.9985-0.002895j,-0.93301+0.005181j,-7.9161e-05+0.00066928j,0.49262-0.0033481j,1.5691e+08
0.99934-0.0019784j,-0.93412+0.0042648j,0.00015618+0.00065661j,0.49504-0.0029842j,1.604e+08
1.0001-0.0022559j,-0.93707+0.0038883j,-6.5429e-05+0.00061376j,0.49289-0.002694j,1.6398e+08
1.0008-0.0035322j,-0.93608+0.0042535j,-0.00015785+0.00078818j,0.49443-0.0018517j,1.6763e+08
1.0011-0.0027219j,-0.93672+0.0051425j,4.9992e-05+0.00069822j,0.49434-0.0025313j,1.7136e+08
0.99979-0.0023752j,-0.9366+0.0043838j,2.6786e-05+0.00069629j,0.4946-0.0021255j,1.7518e+08
0.9999-0.00351j,-0.93625+0.0062266j,-0.0001492+0.00076661j,0.49492-0.0032151j,1.7908e+08
0.99984-0.0017746j,-0.93742+0.0045544j,-5.8084e-05+0.00077441j,0.49437-0.0020784j,1.8306e+08
1.0013-0.0035409j,-0.93744+0.0055809j,1.313e-05+0.0007149j,0.49387-0.0022766j,1.8714e+08
1.0014-0.0045872j,-0.93781+0.0074894j,1.4986e-05+0.00070668j,0.49648-0.0025618j,1.9131e+08
1-0.0017386j,-0.93968+0.006141j,-3.4687e-05+0.00080663j,0.49598-0.0033458j,1.9557e+08
1.0015-0.0029396j,-0.94105+0.0061061j,4.2726e-05+0.00077146j,0.49754-0.002699j,1.9992e+08
1.0008-0.0016798j,-0.94245+0.0059254j,5.5098e-06+0.00094282j,0.49629-0.0031927j,2.0438e+08
1.0017-0.0027703j,-0.94274+0.0063298j,0.00010723+0.00084203j,0.49744-0.00284j,2.0893e+08
1.0002-0.0035921j,-0.93965+0.0064083j,2.5572e-05+0.00093659j,0.49566-0.0016754j,2.1358e+08
1.0014-0.0042298j,-0.94091+0.0063162j,3.6831e-05+0.00093711j,0.49701-0.001948j,2.1834e+08
1.0003-0.0042756j,-0.94084+0.0066044j,9.4661e-06+0.00086231j,0.49551-0.0022921j,2.232e+08
0.99898-0.002935j,-0.94096+0.0053066j,8.4838e-05+0.00091874j,0.49654-0.002443j,2.2817e+08
1.0003-0.0043514j,-0.94327+0.0063428j,-8.7766e-05+0.0010112j,0.49661-0.0033202j,2.3325e+08
0.99901-0.002634j,-0.94267+0.005435j,7.7694e-05+0.00098407j,0.49667-0.0021638j,2.3844e+08
0.99976-0.0033381j,-0.94367+0.0066246j,4.1014e-06+0.00097118j,0.49667-0.0027569j,2.4375e+08
0.99939-0.0038508j,-0.94588+0.0073973j,-1.6952e-05+0.0010161j,0.4959-0.0027451j,2.4918e+08
1.0005-0.0044394j,-0.94756+0.0074116j,2.3233e-05+0.0011452j,0.49752-0.001926j,2.5473e+08
0.99971-0.0049745j,-0.94549+0.0065711j,7.1273e-05+0.0011575j,0.49629-0.0026997j,2.604e+08
0.99972-0.0034198j,-0.94667+0.0069346j,-9.922e-05+0.0010137j,0.4971-0.0029479j,2.662e+08
0.99892-0.0048947j,-0.94714+0.0073361j,0.00012316+0.0011732j,0.49798-0.0032061j,2.7213e+08
0.99887-0.0039906j,-0.94577+0.0067165j,-3.2371e-05+0.0010851j,0.49678-0.0028898j,2.7819e+08
0.99956-0.0044734j,-0.9457+0.0063057j,-1.0314e-05+0.0011198j,0.49774-0.0032777j,2.8439e+08
1.0005-0.0045385j,-0.94702+0.0059424j,-1.8755e-05+0.0012028j,0.49794-0.0033329j,2.9072e+08
0.9996-0.0055063j,-0.94564+0.0065181j,8.5738e-06+0.0011843j,0.49818-0.0035444j,2.9719e+08
0.99952-0.0039374j,-0.94708+0.0052049j,-1.5598e-05+0.0012795j,0.49934-0.0034169j,3.0381e+08
1.0004-0.0047074j,-0.94722+0.0060935j,1.0215e-05+0.0012751j,0.4991-0.003265j,3.1058e+08
1.0003-0.0041607j,-0.94834+0.0069908j,3.3406e-05+0.0013808j,0.49983-0.003671j,3.1749e+08
1.0003-0.0053233j,-0.94964+0.0068851j,-9.3464e-06+0.0013281j,0.50012-0.003391j,3.2456e+08
1.0006-0.0049757j,-0.94992+0.0071224j,5.1826e-05+0.0014025j,0.50027-0.0030695j,3.3179e+08
0.99984-0.0048979j,-0.95038+0.0071961j,-1.5372e-05+0.0015169j,0.49921-0.003526j,3.3918e+08
0.99983-0.0043001j,-0.94815+0.0074717j,-3.1567e-05+0.0014788j,0.49993-0.0029317j,3.4673e+08
0.99924-0.0050522j,-0.94945+0.0080832j,0.00010939+0.0015111j,0.49931-0.0033062j,3.5445e+08
1.001-0.0047046j,-0.95148+0.0080552j,5.9495e-06+0.0014839j,0.50034-0.0034776j,3.6235e+08
0.99999-0.0058011j,-0.95026+0.0099265j,-5.1595e-06+0.0015594j,0.50094-0.0040363j,3.7042e+08
0.99992-0.0052757j,-0.9519+0.0096086j,3.5134e-05+0.0015601j,0.50058-0.0034304j,3.7867e+08
1.0002-0.0053986j,-0.95289+0.0091782j,2.0464e-05+0.0016265j,0.50057-0.0036935j,3.871e+08
0.99959-0.005812j,-0.95251+0.009295j,5.1703e-07+0.0016704j,0.50062-0.0035727j,3.9572e+08
1.0002-0.0062796j,-0.95147+0.0096256j,3.8517e-05+0.0017292j,0.49969-0.0036462j,4.0453e+08
0.99976-0.0062068j,-0.95122+0.0086635j,2.1136e-05+0.0017192j,0.50077-0.0037513j,4.1354e+08
1.0003-0.0064065j,-0.95179+0.0078952j,1.627e-05+0.0017872j,0.50158-0.0039222j,4.2275e+08
1.0001-0.0061957j,-0.9513+0.0094801j,3.5823e-05+0.0017563j,0.50087-0.0039627j,4.3216e+08
0.99976-0.0066786j,-0.94993+0.0095237j,4.038e-05+0.0018396j,0.5016-0.0045449j,4.4179e+08
1.0007-0.0067328j,-0.9481+0.010137j,1.1891e-05+0.001874j,0.5012-0.0047736j,4.5162e+08
0.99948-0.0066672j,-0.94845+0.010069j,4.3093e-05+0.0018706j,0.50089-0.0041388j,4.6168e+08
0.9996-0.0075986j,-0.9498+0.010789j,1.763e-05+0.0019904j,0.50276-0.0044975j,4.7196e+08
0.99939-0.0066235j,-0.9495+0.010341j,3.2323e-05+0.0019722j,0.50133-0.0042792j,4.8247e+08
0.99937-0.0076136j,-0.95076+0.011686j,2.0575e-05+0.00204j,0.50128-0.0041365j,4.9322e+08
1.0001-0.0074562j,-0.95278+0.010941j,-2.5324e-05+0.0020927j,0.502-0.0043456j,5.042e+08
1.0001-0.0078996j,-0.95505+0.011329j,4.9751e-06+0.0021177j,0.5022-0.0042654j,5.1543e+08
0.99948-0.0078798j,-0.95492+0.011686j,2.3841e-05+0.0021821j,0.50218-0.0040775j,5.2691e+08
0.99967-0.0082285j,-0.9563+0.011616j,2.4577e-05+0.0022091j,0.50371-0.004548j,5.3864e+08
0.99956-0.0076436j,-0.95519+0.010245j,1.4165e-05+0.0022469j,0.50411-0.0048291j,5.5064e+08
0.99972-0.0084169j,-0.95519+0.010924j,6.825e-05+0.002324j,0.50448-0.0048771j,5.629e+08
0.99978-0.0084772j,-0.95522+0.011875j,2.1617e-05+0.0023833j,0.50438-0.0052643j,5.7543e+08
0.9999-0.0089931j,-0.95449+0.012761j,4.6677e-05+0.0024472j,0.50425-0.0053286j,5.8825e+08
0.99966-0.009131j,-0.95372+0.012642j,-2.11e-05+0.0025235j,0.50426-0.0052351j,6.0135e+08
0.99986-0.0093815j,-0.95433+0.013235j,1.7655e-05+0.0025529j,0.5057-0.0053968j,6.1474e+08
0.9996-0.0094432j,-0.95687+0.013744j,-6.567e-06+0.0026083j,0.50519-0.005054j,6.2843e+08
0.99993-0.0097765j,-0.95822+0.013363j,2.5712e-05+0.002652j,0.50489-0.0051186j,6.4242e+08
0.99939-0.0094272j,-0.95722+0.01287j,3.7042e-05+0.0027266j,0.50395-0.0050102j,6.5673e+08
0.99998-0.0099696j,-0.95831+0.013657j,-1.8635e-06+0.0028112j,0.50489-0.0054732j,6.7135e+08
0.99965-0.0097621j,-0.95574+0.013157j,3.7212e-05+0.0028449j,0.50394-0.006004j,6.863e+08
0.99972-0.010489j,-0.9568+0.01313j,7.8215e-05+0.0029419j,0.50555-0.0059774j,7.0159e+08
0.99963-0.010738j,-0.9573+0.013981j,8.5555e-05+0.0029602j,0.50644-0.006179j,7.1721e+08
0.99993-0.010981j,-0.95848+0.01548j,2.5719e-05+0.0030089j,0.50567-0.0061851j,7.3318e+08
0.99934-0.010927j,-0.95676+0.015159j,1.9371e-05+0.003173j,0.50586-0.005744j,7.4951e+08
0.99951-0.011423j,-0.95789+0.015237j,5.1726e-05+0.0031531j,0.50539-0.0053526j,7.662e+08
0.99968-0.011493j,-0.95904+0.015379j,6.6557e-05+0.0032426j,0.50565-0.0057068j,7.8326e+08
0.99967-0.012133j,-0.96001+0.015394j,3.2812e-05+0.0033204j,0.50508-0.0059331j,8.007e+08
0.99982-0.012304j,-0.95836+0.015342j,3.2578e-05+0.003419j,0.50596-0.00708j,8.1854e+08
0.99969-0.012509j,-0.95954+0.015749j,6.539e-05+0.0034548j,0.50684-0.0070566j,8.3676e+08
0.99951-0.012761j,-0.95892+0.016349j,5.5453e-05+0.0035376j,0.50669-0.0068978j,8.554e+08
0.9998-0.01331j,-0.95933+0.017114j,9.8965e-05+0.0036316j,0.50754-0.0068743j,8.7445e+08
0.99986-0.013564j,-0.96128+0.017147j,5.5934e-05+0.0036943j,0.5076-0.0065383j,8.9392e+08
0.99946-0.013926j,-0.96224+0.017528j,5.9347e-05+0.0037521j,0.50647-0.0066599j,9.1383e+08
0.99993-0.014144j,-0.96325+0.017554j,7.0306e-05+0.0038585j,0.50694-0.0070501j,9.3418e+08
0.9999-0.014044j,-0.96324+0.016768j,6.8028e-05+0.0039325j,0.50823-0.0073256j,9.5498e+08
0.99962-0.014396j,-0.96249+0.017197j,8.9075e-05+0.0040586j,0.5093-0.0076128j,9.7625e+08
0.99947-0.014833j,-0.96055+0.017673j,0.00012945+0.0041335j,0.50874-0.0073871j,9.9799e+08
0.99993-0.014991j,-0.96165+0.019488j,8.8722e-05+0.0042407j,0.5092-0.0071889j,1.0202e+09
0.99947-0.015327j,-0.96413+0.019246j,0.00010925+0.0043367j,0.50938-0.0074134j,1.0429e+09
0.99985-0.015864j,-0.96708+0.019705j,8.1528e-05+0.004435j,0.50955-0.0080589j,1.0662e+09
0.99971-0.016222j,-0.96729+0.018971j,0.00012462+0.0045021j,0.51153-0.0086184j,1.0899e+09
0.99962-0.016431j,-0.9644+0.019521j,0.00010817+0.0046204j,0.511-0.0084456j,1.1142e+09
0.99949-0.017037j,-0.96517+0.020785j,0.0001247+0.004715j,0.51159-0.0082629j,1.139e+09
0.99966-0.017374j,-0.9662+0.021674j,0.00014343+0.0048171j,0.51086-0.0082731j,1.1643e+09
0.9995-0.017813j,-0.96541+0.021962j,0.00013586+0.0049528j,0.51024-0.0088928j,1.1903e+09
0.9995-0.01826j,-0.96622+0.021882j,0.00013216+0.0050386j,0.51052-0.0094761j,1.2168e+09
0.99932-0.018521j,-0.96367+0.022226j,0.00012138+0.0051557j,0.51039-0.0097449j,1.2439e+09
0.99949-0.018873j,-0.9612+0.023192j,0.00013436+0.0052979j,0.51027-0.009211j,1.2716e+09
0.99999-0.01875j,-0.96472+0.023326j,0.00014351+0.0053795j,0.51113-0.0091086j,1.2999e+09
0.9998-0.019729j,-0.96736+0.023558j,0.00014851+0.0055088j,0.51078-0.0096028j,1.3288e+09
0.99942-0.020005j,-0.96533+0.022841j,0.00015318+0.0056276j,0.51112-0.01005j,1.3584e+09
0.99942-0.020614j,-0.96468+0.024154j,0.00016325+0.0057391j,0.51171-0.010056j,1.3887e+09
0.99928-0.020867j,-0.96578+0.025166j,0.00014534+0.0058523j,0.5115-0.0096674j,1.4196e+09
0.99957-0.021657j,-0.96651+0.024139j,0.00018935+0.0059549j,0.51021-0.010164j,1.4512e+09
0.9998-0.022401j,-0.96554+0.023983j,0.0018478+0.005858j,0.51004-0.011341j,1.4835e+09
0.99936-0.022325j,-0.96624+0.024662j,0.00017654+0.0062518j,0.51222-0.010939j,1.5166e+09
0.99954-0.023093j,-0.96597+0.026094j,0.00018216+0.006421j,0.51175-0.010478j,1.5503e+09
0.99942-0.023677j,-0.96837+0.026503j,0.00020741+0.0065637j,0.51081-0.01105j,1.5849e+09
0.99926-0.024087j,-0.96718+0.026944j,0.00021664+0.0067123j,0.51126-0.012417j,1.6202e+09
0.99934-0.024443j,-0.96621+0.027447j,0.00018765+0.006841j,0.51227-0.011542j,1.6562e+09
0.99927-0.024902j,-0.9651+0.028454j,0.00022506+0.0069909j,0.5114-0.011356j,1.6931e+09
0.99922-0.02549j,-0.9698+0.028855j,0.00023171+0.0071619j,0.51199-0.012437j,1.7308e+09
0.9991-0.026147j,-0.9675+0.029858j,0.00023224+0.0072965j,0.51303-0.012983j,1.7694e+09
0.99919-0.026773j,-0.96899+0.030931j,0.00025851+0.0074547j,0.51402-0.012158j,1.8088e+09
0.99956-0.027464j,-0.97045+0.031126j,0.0002499+0.0076481j,0.51165-0.012959j,1.8491e+09
0.99923-0.0281j,-0.96836+0.030672j,0.00025297+0.0078248j,0.51295-0.013331j,1.8902e+09
0.99859-0.028602j,-0.9671+0.032425j,0.00030754+0.0079194j,0.51236-0.012961j,1.9323e+09
0.99876-0.029097j,-0.97008+0.032815j,0.00032436+0.0081738j,0.51316-0.01376j,1.9754e+09
0.99912-0.030052j,-0.96998+0.032175j,0.00031956+0.0083437j,0.51276-0.014959j,2.0193e+09
0.99892-0.030657j,-0.96846+0.033078j,0.00036341+0.0085377j,0.51468-0.014002j,2.0643e+09
0.99855-0.031212j,-0.97201+0.034092j,0.00035229+0.00873j,0.51449-0.014653j,2.1103e+09
0.99903-0.031857j,-0.97236+0.033642j,0.00039253+0.0089274j,0.51512-0.015379j,2.1573e+09
0.99872-0.032761j,-0.97088+0.036137j,0.00043036+0.0090756j,0.51585-0.014903j,2.2053e+09
0.99869-0.033177j,-0.97339+0.036312j,0.00042938+0.0093567j,0.51419-0.015753j,2.2544e+09
0.99892-0.034263j,-0.96984+0.03681j,0.00042714+0.0094637j,0.51542-0.015955j,2.3046e+09
0.99873-0.034832j,-0.97264+0.038495j,0.00042768+0.0096492j,0.51466-0.015699j,2.356e+09
0.99892-0.035842j,-0.97217+0.038159j,0.0004445+0.010001j,0.51539-0.017449j,2.4084e+09
0.99859-0.036055j,-0.9712+0.038558j,0.00044315+0.010138j,0.51588-0.016909j,2.462e+09
0.99805-0.037444j,-0.97306+0.039509j,0.00046192+0.010399j,0.51485-0.017298j,2.5169e+09
0.99902-0.037623j,-0.97148+0.039006j,0.00055414+0.010565j,0.51615-0.01835j,2.5729e+09
0.99823-0.039701j,-0.97308+0.04225j,0.00050767+0.010842j,0.51581-0.017649j,2.6302e+09
0.99842-0.039379j,-0.97112+0.041339j,0.00054821+0.011053j,0.51533-0.018728j,2.6888e+09
0.99816-0.04018j,-0.9715+0.043978j,0.00065469+0.011342j,0.51546-0.018501j,2.7487e+09
0.9992-0.041758j,-0.97406+0.04513j,0.00057283+0.011566j,0.51417-0.019812j,2.8099e+09
0.99775-0.042232j,-0.97015+0.047768j,0.00064867+0.01184j,0.51466-0.019212j,2.8725e+09
0.99816-0.043674j,-0.97158+0.048354j,0.00062838+0.012148j,0.51538-0.020324j,2.9364e+09
0.99862-0.044631j,-0.97061+0.04958j,0.00063846+0.012297j,0.51598-0.020301j,3.0018e+09
0.99755-0.045845j,-0.97279+0.05029j,0.0007326+0.012672j,0.51545-0.021454j,3.0687e+09
0.9981-0.046173j,-0.97135+0.050139j,0.00092482+0.01283j,0.51552-0.021243j,3.137e+09
0.99802-0.047799j,-0.97417+0.048642j,0.00086445+0.013172j,0.51515-0.022321j,3.2069e+09
0.99746-0.048987j,-0.97365+0.049724j,0.0008898+0.013441j,0.5162-0.021959j,3.2783e+09
0.99794-0.049618j,-0.97815+0.049762j,0.00092463+0.013716j,0.51674-0.023649j,3.3513e+09
0.99703-0.050624j,-0.97602+0.056407j,0.00097735+0.014008j,0.5164-0.023057j,3.4259e+09
0.99812-0.051998j,-0.97386+0.059022j,0.00088065+0.014356j,0.51798-0.024082j,3.5022e+09
0.99819-0.053125j,-0.97611+0.061756j,0.00090653+0.014767j,0.51842-0.024322j,3.5802e+09
0.9971-0.053758j,-0.97324+0.061297j,0.00094273+0.015062j,0.51865-0.024692j,3.6599e+09
0.99742-0.055278j,-0.97587+0.060588j,0.0011163+0.015376j,0.51798-0.025719j,3.7414e+09
0.99712-0.056433j,-0.97586+0.063317j,0.00094542+0.015708j,0.51786-0.026198j,3.8247e+09
0.99689-0.058114j,-0.9738+0.063724j,0.0010929+0.016044j,0.51821-0.027214j,3.9099e+09
0.99709-0.058237j,-0.97599+0.06378j,0.0011017+0.016404j,0.51754-0.027305j,3.997e+09
0.99667-0.060032j,-0.97432+0.064674j,0.0012648+0.016722j,0.51724-0.027523j,4.086e+09
0.99677-0.061219j,-0.97553+0.064586j,0.0012889+0.017043j,0.51937-0.028074j,4.177e+09
0.99689-0.063183j,-0.97595+0.065299j,0.0013187+0.017455j,0.51788-0.029508j,4.27e+09
0.9965-0.064433j,-0.97792+0.069589j,0.0014201+0.017865j,0.51847-0.029908j,4.3651e+09
0.99624-0.065723j,-0.97558+0.071043j,0.00148+0.018245j,0.51873-0.029927j,4.4623e+09
0.99595-0.066757j,-0.97433+0.068854j,0.0015275+0.018641j,0.51883-0.030428j,4.5617e+09
0.99638-0.06867j,-0.97879+0.073034j,0.0016234+0.019046j,0.51893-0.032412j,4.6632e+09
0.99558-0.069485j,-0.97879+0.074459j,0.0016793+0.01957j,0.51858-0.031672j,4.7671e+09
0.99522-0.071568j,-0.97674+0.078882j,0.0017666+0.019974j,0.51805-0.032698j,4.8732e+09
0.99555-0.072854j,-0.97438+0.078628j,0.0017773+0.020342j,0.51765-0.033378j,4.9818e+09
0.99563-0.0746j,-0.97531+0.079554j,0.0018357+0.020832j,0.51935-0.034687j,5.0927e+09
0.99506-0.076345j,-0.97647+0.082436j,0.0019352+0.021252j,0.5177-0.036554j,5.2061e+09
0.99504-0.077871j,-0.97501+0.086178j,0.0020225+0.021816j,0.51703-0.036881j,5.322e+09
0.99483-0.079922j,-0.97571+0.089242j,0.0020956+0.022259j,0.51727-0.037565j,5.4406e+09
0.99442-0.081877j,-0.97546+0.090608j,0.0023042+0.022791j,0.51686-0.037847j,5.5617e+09
0.99442-0.083571j,-0.97508+0.090151j,0.0023978+0.023173j,0.51663-0.03781j,5.6856e+09
0.99392-0.085027j,-0.97227+0.092481j,0.0025114+0.023641j,0.51608-0.038406j,5.8122e+09
0.99401-0.087079j,-0.97131+0.095311j,0.0026909+0.024088j,0.51646-0.039461j,5.9416e+09
0.99317-0.089068j,-0.97223+0.095176j,0.0025755+0.024225j,0.51745-0.040278j,6.0739e+09
0.99333-0.091083j,-0.97297+0.099109j,0.0028443+0.024987j,0.51623-0.041856j,6.2092e+09
0.9929-0.093046j,-0.97165+0.10112j,0.0030034+0.0256j,0.51616-0.041994j,6.3475e+09
0.99248-0.095129j,-0.97283+0.10361j,0.0028819+0.026078j,0.51605-0.043374j,6.4888e+09
0.99201-0.096917j,-0.97405+0.10461j,0.0029924+0.026817j,0.51727-0.044799j,6.6333e+09
0.99188-0.099473j,-0.97375+0.10748j,0.0030041+0.027352j,0.51715-0.046303j,6.781e+09
0.99173-0.10132j,-0.97352+0.10998j,0.0029862+0.02809j,0.51723-0.047625j,6.932e+09
0.99135-0.10283j,-0.97115+0.11246j,0.0032186+0.0287j,0.51774-0.047709j,7.0864e+09
0.99092-0.10587j,-0.97181+0.11368j,0.0035804+0.029373j,0.51716-0.047832j,7.2442e+09
0.98988-0.10818j,-0.97303+0.11892j,0.0036957+0.030037j,0.51672-0.048961j,7.4055e+09
0.99063-0.1106j,-0.97418+0.11823j,0.0038843+0.030752j,0.51642-0.050436j,7.5704e+09
0.98991-0.11266j,-0.97291+0.11973j,0.0039618+0.031396j,0.51708-0.051928j,7.739e+09
0.98947-0.11492j,-0.97163+0.12517j,0.0041872+0.03198j,0.51905-0.052595j,7.9114e+09
0.98869-0.1179j,-0.97722+0.12751j,0.0045075+0.032627j,0.51758-0.054203j,8.0875e+09
0.9891-0.12022j,-0.97471+0.1314j,0.0045706+0.033339j,0.51799-0.055284j,8.2676e+09
0.9878-0.12274j,-0.97312+0.13195j,0.0048374+0.034029j,0.51757-0.056038j,8.4518e+09
0.98761-0.12591j,-0.97297+0.13711j,0.0050506+0.034856j,0.51702-0.057764j,8.64e+09
0.98671-0.12787j,-0.96995+0.13857j,0.0052525+0.035457j,0.51783-0.058314j,8.8324e+09
0.9863-0.13168j,-0.97259+0.14285j,0.0055417+0.036311j,0.51665-0.060114j,9.0291e+09
0.98568-0.13348j,-0.96848+0.1445j,0.0058477+0.037045j,0.51886-0.060969j,9.2301e+09
0.98561-0.13741j,-0.97326+0.15029j,0.0059284+0.037918j,0.5185-0.063494j,9.4357e+09
0.98346-0.13974j,-0.97055+0.15221j,0.0062961+0.038573j,0.51744-0.063333j,9.6458e+09
0.98435-0.14314j,-0.97088+0.15581j,0.0064466+0.039537j,0.51961-0.065898j,9.8606e+09
0.9829-0.14666j,-0.97285+0.15681j,0.00697+0.04028j,0.51727-0.066603j,1.008e+10
0.98238-0.14927j,-0.96716+0.16067j,0.0071532+0.041058j,0.51785-0.068482j,1.0305e+10
0.98198-0.15242j,-0.96772+0.16287j,0.0074457+0.041938j,0.51774-0.070005j,1.0534e+10
0.98077-0.15602j,-0.96848+0.16429j,0.0079326+0.042826j,0.51722-0.071896j,1.0769e+10
0.9798-0.15996j,-0.96853+0.17101j,0.0084705+0.043696j,0.51606-0.072774j,1.1009e+10
0.97847-0.16299j,-0.96606+0.1775j,0.0083251+0.04447j,0.51566-0.073603j,1.1254e+10
0.97809-0.1662j,-0.96384+0.1788j,0.0089234+0.045373j,0.51617-0.075091j,1.1504e+10
0.97675-0.16925j,-0.9612+0.18412j,0.008927+0.046206j,0.51706-0.076496j,1.176e+10
0.97619-0.17281j,-0.95857+0.19182j,0.0090689+0.047523j,0.51765-0.079072j,1.2022e+10
0.97584-0.17656j,-0.95878+0.19786j,0.0093182+0.0484j,0.51772-0.080622j,1.229e+10
0.97394-0.18025j,-0.95588+0.20174j,0.010104+0.049277j,0.51658-0.081864j,1.2564e+10
0.97313-0.18406j,-0.95682+0.20856j,0.010285+0.050432j,0.51563-0.083425j,1.2844e+10
0.97175-0.1887j,-0.9569+0.2106j,0.011025+0.051377j,0.51409-0.085302j,1.313e+10
0.97102-0.19342j,-0.95776+0.21129j,0.011513+0.052459j,0.51347-0.088849j,1.3422e+10
0.96999-0.19676j,-0.955+0.21411j,0.011807+0.053361j,0.51502-0.09136j,1.3721e+10
0.96804-0.20148j,-0.95331+0.22295j,0.012266+0.054398j,0.5152-0.090932j,1.4026e+10
0.96652-0.20614j,-0.95564+0.22784j,0.012978+0.055666j,0.51244-0.094412j,1.4339e+10
0.96621-0.21033j,-0.9509+0.22625j,0.013418+0.056489j,0.51443-0.097509j,1.4658e+10
0.96355-0.21491j,-0.94965+0.24015j,0.013958+0.057495j,0.51138-0.097139j,1.4984e+10
0.96175-0.21975j,-0.9479+0.23564j,0.014143+0.058482j,0.51196-0.10112j,1.5318e+10
0.95909-0.22346j,-0.94398+0.24396j,0.014861+0.059979j,0.51018-0.10306j,1.5659e+10
0.9586-0.22805j,-0.94442+0.24298j,0.015712+0.061109j,0.51071-0.10498j,1.6008e+10
0.95705-0.23356j,-0.94345+0.25033j,0.016084+0.06271j,0.50852-0.10783j,1.6365e+10
0.95405-0.23736j,-0.93853+0.25978j,0.016563+0.063863j,0.50709-0.11027j,1.6729e+10
0.95237-0.24218j,-0.93434+0.26474j,0.017581+0.065145j,0.50592-0.11109j,1.7101e+10
0.95026-0.24545j,-0.92774+0.27161j,0.01774+0.066226j,0.50688-0.11219j,1.7482e+10
0.94937-0.25086j,-0.92694+0.27159j,0.018783+0.067133j,0.50779-0.11556j,1.7872e+10
0.94653-0.25724j,-0.92576+0.27705j,0.019391+0.068374j,0.50678-0.11881j,1.827e+10
0.94347-0.26229j,-0.92223+0.28375j,0.019714+0.069716j,0.50439-0.12013j,1.8676e+10
0.94025-0.26694j,-0.92242+0.28496j,0.021228+0.071352j,0.50292-0.12333j,1.9092e+10
0.93863-0.27308j,-0.92358+0.29347j,0.02154+0.072895j,0.50056-0.1265j,1.9518e+10
0.93797-0.27852j,-0.91927+0.29407j,0.022945+0.074109j,0.50028-0.13132j,1.9952e+10
0.93426-0.28209j,-0.91435+0.29909j,0.023919+0.075009j,0.50061-0.13007j,2.0396e+10
0.93102-0.28976j,-0.91689+0.3085j,0.024899+0.077458j,0.49578-0.13525j,2.0851e+10
0.92968-0.29433j,-0.91011+0.31068j,0.02559+0.078164j,0.49745-0.13527j,2.1315e+10
0.9251-0.30174j,-0.91132+0.31548j,0.026991+0.07979j,0.49503-0.13914j,2.179e+10
0.9213-0.30626j,-0.9058+0.3227j,0.028535+0.080934j,0.49445-0.14072j,2.2275e+10
0.91885-0.31284j,-0.90246+0.3292j,0.029094+0.082377j,0.49287-0.14333j,2.2771e+10
0.91818-0.3181j,-0.89826+0.33224j,0.030205+0.084519j,0.49228-0.14793j,2.3278e+10
0.91399-0.32459j,-0.89517+0.33783j,0.030824+0.0863j,0.49088-0.15196j,2.3796e+10
0.91259-0.33138j,-0.89266+0.33819j,0.031856+0.087915j,0.48982-0.155j,2.4326e+10
0.91072-0.33806j,-0.88377+0.36189j,0.03145+0.089613j,0.48955-0.15724j,2.4868e+10
0.90627-0.34381j,-0.88058+0.35488j,0.033239+0.090039j,0.49039-0.16032j,2.5422e+10
0.89914-0.34387j,-0.86766+0.37747j,0.033271+0.091871j,0.48903-0.15718j,2.5988e+10
0.88925-0.35758j,-0.86915+0.39091j,0.036323+0.093521j,0.47932-0.16391j,2.6567e+10
0.88962-0.3587j,-0.86141+0.3896j,0.036036+0.095824j,0.48748-0.16832j,2.7158e+10
0.87981-0.37178j,-0.8635+0.40113j,0.040018+0.097652j,0.477-0.17218j,2.7763e+10
0.88449-0.36937j,-0.85286+0.40112j,0.040626+0.099334j,0.47992-0.17433j,2.8381e+10
0.87767-0.37814j,-0.85189+0.39895j,0.043562+0.099114j,0.47737-0.17914j,2.9013e+10
0.8745-0.38978j,-0.85023+0.41414j,0.044146+0.10252j,0.47184-0.18493j,2.9659e+10
0.86743-0.39648j,-0.85256+0.41324j,0.046446+0.10349j,0.47212-0.18543j,3.032e+10
0.86607-0.40162j,-0.84935+0.41871j,0.046831+0.10547j,0.47134-0.19058j,3.0995e+10
0.86128-0.41018j,-0.8416+0.42691j,0.049045+0.10883j,0.4688-0.19269j,3.1685e+10
0.84895-0.41729j,-0.83168+0.43012j,0.055705+0.10876j,0.45845-0.19354j,3.2391e+10
0.8472-0.42055j,-0.82554+0.43527j,0.055712+0.10915j,0.45942-0.19873j,3.3112e+10
0.84583-0.42742j,-0.81905+0.44875j,0.056247+0.1113j,0.45645-0.19631j,3.385e+10
0.83944-0.44041j,-0.81673+0.45031j,0.059053+0.11395j,0.45715-0.20234j,3.4603e+10
0.83412-0.44982j,-0.80823+0.46231j,0.060883+0.11606j,0.45229-0.20784j,3.5374e+10
0.82238-0.458j,-0.79876+0.48724j,0.06212+0.11771j,0.4509-0.21285j,3.6162e+10
0.81913-0.46763j,-0.7914+0.49658j,0.062672+0.11969j,0.4518-0.21701j,3.6967e+10
0.82123-0.47663j,-0.7854+0.49234j,0.063985+0.12062j,0.45306-0.21917j,3.779e+10
0.80309-0.47769j,-0.76583+0.51466j,0.067865+0.12344j,0.44033-0.2214j,3.8632e+10
0.79349-0.4887j,-0.76888+0.51762j,0.072115+0.12363j,0.44008-0.23273j,3.9492e+10
0.78689-0.48791j,-0.76207+0.51921j,0.076849+0.1239j,0.42992-0.22739j,4.0372e+10
0.77955-0.50133j,-0.75407+0.53028j,0.078319+0.1276j,0.43146-0.23582j,4.1271e+10
0.77277-0.50551j,-0.74234+0.53125j,0.079873+0.12588j,0.43107-0.23478j,4.219e+10
0.7796-0.51353j,-0.74588+0.53471j,0.081181+0.12904j,0.42889-0.24168j,4.3129e+10
0.75899-0.52761j,-0.73615+0.55649j,0.088559+0.1312j,0.41589-0.24873j,4.409e+10
0.73735-0.55196j,-0.71862+0.58782j,0.092456+0.13621j,0.40669-0.25963j,4.5071e+10
0.73347-0.53974j,-0.7016+0.57594j,0.097414+0.13164j,0.40128-0.25321j,4.6075e+10
0.7378-0.55568j,-0.69232+0.58094j,0.099295+0.13617j,0.40097-0.25629j,4.7101e+10
0.70495-0.57589j,-0.69923+0.59676j,0.10543+0.13516j,0.39946-0.26798j,4.815e+10
0.69369-0.57807j,-0.66767+0.60565j,0.11173+0.13737j,0.38263-0.2694j,4.9222e+10
0.66136-0.57745j,-0.63407+0.60896j,0.11527+0.13207j,0.37866-0.26718j,5.0318e+10
0.66114-0.57475j,-0.62702+0.60698j,0.1159+0.13104j,0.38568-0.2633j,5.1439e+10
0.65922-0.56797j,-0.61637+0.60956j,0.11456+0.13029j,0.37696-0.25881j,5.2584e+10
0.65324-0.58793j,-0.61399+0.62104j,0.11563+0.1333j,0.38149-0.2702j,5.3756e+10
0.64218-0.59707j,-0.60109+0.63676j,0.12484+0.1362j,0.36159-0.27946j,5.4953e+10
0.61897-0.59836j,-0.57106+0.62584j,0.12982+0.13377j,0.35041-0.26849j,5.6176e+10
0.60495-0.60045j,-0.57164+0.61149j,0.14123+0.12449j,0.34782-0.27075j,5.7427e+10
0.57568-0.59419j,-0.55229+0.62411j,0.13816+0.12299j,0.34881-0.26834j,5.8706e+10
0.58483-0.58236j,-0.55481+0.59406j,0.1365+0.11574j,0.35981-0.25289j,6.0013e+10
0.5621-0.57636j,-0.54887+0.59303j,0.13543+0.11358j,0.35754-0.27083j,6.135e+10
0.58087-0.56538j,-0.56847+0.5832j,0.12983+0.11448j,0.36087-0.27982j,6.2716e+10
0.58651-0.59357j,-0.55878+0.61239j,0.12671+0.12652j,0.36443-0.28761j,6.4113e+10
0.57551-0.5988j,-0.5436+0.60708j,0.1435+0.13177j,0.3472-0.30669j,6.554e+10
0.55202-0.60503j,-0.54407+0.61208j,0.14301+0.12486j,0.34342-0.29898j,6.7e+10
