Name;Sweep (T1);;;
Date;2021-05-03;;;
Time;13:17:56;;;
Instrument;FPC1500 - 102327/003;;;
Firmware Version;V1.50;;;
Country of Origin;Czech Republic;;;
Instrument Mode;Spectrum Analyzer;;;
Meas Mode;Spectrum;;;
Uplink;- - -;;;
Downlink;- - -;;;
Channel;- - -;;;
Center Frequency;1500002500;Hz;;
Frequency Offset;0;Hz;;
Span;2999995000;Hz;;
Ref Level;0;dBm;;
Ref Offset;0;dB;;
Ref Position;1,00;;;
Range;100;dB;;
RF Attenuation;Auto Low Noise;;;
RF Attenuator;10;dB;;
Pre-Amplifier;Off;;;
RF Input;50 Ω;;;
RBW;3000000;Hz;;
VBW;3000000;Hz;;
SWT;0,038;s;;
Trigger Mode;Free Run;;;
Trigger Level;- - -;;;
Trigger Delay;- - -;;;
Trace Mode;Clear / Write;;;
Trace Math;Off;;;
Trace Detector;Sample;;;
Primary Transducer;- - -;;;
Secondary Transducer;- - -;;;
Isotropic Antenna;Off;;;
Generator Mode;TG;;;
TG Frequency Offset;0;Hz;;
TG Level;0;dBm;;
Normalization S21;Off;;;
Limit Line 1;- - -;;;
Result Limit Line 1;- - -;;;
Limit Line 2;- - -;;;
Result Limit Line 2;- - -;;;
Marker 1;2000000000;Hz;;
Marker 1 Value;-1,86;dBm;;

Frequency [Hz];Magnitude [dBm];;;
5000;14,8665504455566;;;
2543066,8358714;12,2051944732666;;;
5081133,67174281;9,54383945465088;;;
7619200,50761421;6,882483959198;;;
10157267,3434856;4,22112846374512;;;
12695334,179357;1,55977249145508;;;
15233401,0152284;-0,860681593418121;;;
17771467,8510998;-0,845359861850739;;;
20309534,6869712;-0,830038130283356;;;
22847601,5228426;-0,814716398715973;;;
25385668,358714;-0,799394726753235;;;
27923735,1945855;-0,784072995185852;;;
30461802,0304569;-0,772560477256775;;;
32999868,8663283;-0,778400957584381;;;
35537935,7021997;-0,784241437911987;;;
38076002,5380711;-0,790081918239594;;;
40614069,3739425;-0,7959223985672;;;
43152136,2098139;-0,801762878894806;;;
45690203,0456853;-0,819041192531586;;;
48228269,8815567;-0,867243826389313;;;
50766336,7174281;-0,915446519851685;;;
53304403,5532995;-0,963649153709412;;;
55842470,3891709;-1,01185190677643;;;
58380537,2250423;-1,06005454063416;;;
60918604,0609137;-1,08383119106293;;;
63456670,8967851;-1,06418395042419;;;
65994737,7326565;-1,04453659057617;;;
68532804,5685279;-1,02488923072815;;;
71070871,4043993;-1,00524199008942;;;
73608938,2402707;-0,985594689846039;;;
76147005,0761421;-0,948306024074554;;;
78685071,9120135;-0,889455795288086;;;
81223138,7478849;-0,830605506896973;;;
83761205,5837563;-0,771755278110504;;;
86299272,4196278;-0,712905049324036;;;
88837339,2554992;-0,654054760932922;;;
91375406,0913706;-0,638305425643921;;;
93913472,927242;-0,659271776676178;;;
96451539,7631134;-0,68023806810379;;;
98989606,5989848;-0,701204419136047;;;
101527673,434856;-0,72217071056366;;;
104065740,270728;-0,743137001991272;;;
106603807,106599;-0,762452363967896;;;
109141873,94247;-0,780798077583313;;;
111679940,778342;-0,79914379119873;;;
114218007,614213;-0,817489504814148;;;
116756074,450085;-0,835835218429565;;;
119294141,285956;-0,854180991649628;;;
121832208,121827;-0,859909176826477;;;
124370274,957699;-0,860730528831482;;;
126908341,79357;-0,861551880836487;;;
129446408,629442;-0,862373232841492;;;
131984475,465313;-0,863194584846497;;;
134522542,301184;-0,864015936851501;;;
137060609,137056;-0,817003071308136;;;
139598675,972927;-0,758769869804382;;;
142136742,808799;-0,700536727905273;;;
144674809,64467;-0,64230352640152;;;
147212876,480541;-0,584070324897766;;;
149750943,316413;-0,525837123394012;;;
152289010,152284;-0,533354043960571;;;
154827076,988156;-0,548176467418671;;;
157365143,824027;-0,562998950481415;;;
159903210,659898;-0,577821373939514;;;
162441277,49577;-0,592643857002258;;;
164979344,331641;-0,607466280460358;;;
167517411,167513;-0,660003781318665;;;
170055478,003384;-0,712922215461731;;;
172593544,839256;-0,765840649604797;;;
175131611,675127;-0,818759083747864;;;
177669678,510998;-0,87167751789093;;;
180207745,34687;-0,92272412776947;;;
182745812,182741;-0,952244460582733;;;
185283879,018613;-0,981764793395996;;;
187821945,854484;-1,01128506660461;;;
190360012,690355;-1,04080545902252;;;
192898079,526227;-1,07032573223114;;;
195436146,362098;-1,09323740005493;;;
197974213,19797;-1,08388340473175;;;
200512280,033841;-1,07452929019928;;;
203050346,869712;-1,06517517566681;;;
205588413,705584;-1,05582118034363;;;
208126480,541455;-1,04646706581116;;;
210664547,377327;-1,03813648223877;;;
213202614,213198;-1,03271913528442;;;
215740681,049069;-1,02730178833008;;;
218278747,884941;-1,02188432216644;;;
220816814,720812;-1,0164669752121;;;
223354881,556684;-1,01104962825775;;;
225892948,392555;-1,01051115989685;;;
228431015,228426;-1,01903355121613;;;
230969082,064298;-1,0275559425354;;;
233507148,900169;-1,03607833385468;;;
236045215,736041;-1,04460072517395;;;
238583282,571912;-1,05312311649323;;;
241121349,407783;-1,07156646251678;;;
243659416,243655;-1,10263657569885;;;
246197483,079526;-1,13370668888092;;;
248735549,915398;-1,16477680206299;;;
251273616,751269;-1,19584691524506;;;
253811683,58714;-1,22691702842712;;;
256349750,423012;-1,23587870597839;;;
258887817,258883;-1,22523498535156;;;
261425884,094755;-1,21459138393402;;;
263963950,930626;-1,20394766330719;;;
266502017,766497;-1,19330394268036;;;
269040084,602369;-1,18266022205353;;;
271578151,43824;-1,1697610616684;;;
274116218,274112;-1,15547943115234;;;
276654285,109983;-1,14119791984558;;;
279192351,945854;-1,12691628932953;;;
281730418,781726;-1,11263477802277;;;
284268485,617597;-1,098353266716;;;
286806552,453469;-1,09586620330811;;;
289344619,28934;-1,09819662570953;;;
291882686,125212;-1,10052704811096;;;
294420752,961083;-1,10285758972168;;;
296958819,796954;-1,10518801212311;;;
299496886,632826;-1,10751843452454;;;
302034953,468697;-1,13080513477325;;;
304573020,304569;-1,15933072566986;;;
307111087,14044;-1,18785643577576;;;
309649153,976311;-1,21638214588165;;;
312187220,812183;-1,24490773677826;;;
314725287,648054;-1,27343344688416;;;
317263354,483926;-1,2520797252655;;;
319801421,319797;-1,22456109523773;;;
322339488,155668;-1,19704258441925;;;
324877554,99154;-1,16952395439148;;;
327415621,827411;-1,142005443573;;;
329953688,663283;-1,11448681354523;;;
332491755,499154;-1,10290431976318;;;
335029822,335025;-1,09164714813232;;;
337567889,170897;-1,08038985729218;;;
340105956,006768;-1,06913268566132;;;
342644022,84264;-1,05787539482117;;;
345182089,678511;-1,04672801494598;;;
347720156,514382;-1,03704059123993;;;
350258223,350254;-1,02735316753387;;;
352796290,186125;-1,01766574382782;;;
355334357,021997;-1,00797820091248;;;
357872423,857868;-0,998290777206421;;;
360410490,693739;-0,991035044193268;;;
362948557,529611;-0,996545672416687;;;
365486624,365482;-1,00205636024475;;;
368024691,201354;-1,00756692886353;;;
370562758,037225;-1,01307761669159;;;
373100824,873096;-1,01858830451965;;;
375638891,708968;-1,02650988101959;;;
378176958,544839;-1,04166412353516;;;
380715025,380711;-1,05681824684143;;;
383253092,216582;-1,07197248935699;;;
385791159,052453;-1,08712673187256;;;
388329225,888325;-1,10228097438812;;;
390867292,724196;-1,11377954483032;;;
393405359,560068;-1,11818194389343;;;
395943426,395939;-1,12258434295654;;;
398481493,231811;-1,12698674201965;;;
401019560,067682;-1,13138914108276;;;
403557626,903553;-1,13579154014587;;;
406095693,739425;-1,13652694225311;;;
408633760,575296;-1,13240146636963;;;
411171827,411168;-1,12827599048615;;;
413709894,247039;-1,12415051460266;;;
416247961,08291;-1,12002503871918;;;
418786027,918782;-1,1158994436264;;;
421324094,754653;-1,11791336536407;;;
423862161,590525;-1,12559413909912;;;
426400228,426396;-1,13327503204346;;;
428938295,262267;-1,14095592498779;;;
431476362,098139;-1,14863681793213;;;
434014428,93401;-1,15631771087646;;;
436552495,769882;-1,16484570503235;;;
439090562,605753;-1,17391550540924;;;
441628629,441624;-1,18298530578613;;;
444166696,277496;-1,19205498695374;;;
446704763,113367;-1,20112478733063;;;
449242829,949239;-1,21019446849823;;;
451780896,78511;-1,21627616882324;;;
454318963,620981;-1,2210773229599;;;
456857030,456853;-1,22587847709656;;;
459395097,292724;-1,23067963123322;;;
461933164,128596;-1,23548078536987;;;
464471230,964467;-1,24028182029724;;;
467009297,800338;-1,24046504497528;;;
469547364,63621;-1,23942065238953;;;
472085431,472081;-1,23837637901306;;;
474623498,307953;-1,23733198642731;;;
477161565,143824;-1,23628759384155;;;
479699631,979695;-1,2352432012558;;;
482237698,815567;-1,23896849155426;;;
484775765,651438;-1,24334406852722;;;
487313832,48731;-1,24771964550018;;;
489851899,323181;-1,25209522247314;;;
492389966,159052;-1,2564709186554;;;
494928032,994924;-1,26084649562836;;;
497466099,830795;-1,2632087469101;;;
500004166,666667;-1,2655086517334;;;
502542233,502538;-1,2678085565567;;;
505080300,338409;-1,27010858058929;;;
507618367,174281;-1,2724084854126;;;
510156434,010152;-1,27349984645844;;;
512694500,846024;-1,25565540790558;;;
515232567,681895;-1,23781108856201;;;
517770634,517767;-1,21996676921844;;;
520308701,353638;-1,20212233066559;;;
522846768,189509;-1,18427801132202;;;
525384835,025381;-1,16950953006744;;;
527922901,861252;-1,17217111587524;;;
530460968,697124;-1,17483270168304;;;
532999035,532995;-1,17749428749084;;;
535537102,368866;-1,18015587329865;;;
538075169,204738;-1,18281745910645;;;
540613236,040609;-1,18644368648529;;;
543151302,876481;-1,19312489032745;;;
545689369,712352;-1,19980609416962;;;
548227436,548223;-1,20648729801178;;;
550765503,384095;-1,21316850185394;;;
553303570,219966;-1,21984970569611;;;
555841637,055838;-1,22583329677582;;;
558379703,891709;-1,23040020465851;;;
560917770,72758;-1,23496723175049;;;
563455837,563452;-1,23953413963318;;;
565993904,399323;-1,24410116672516;;;
568531971,235195;-1,24866819381714;;;
571070038,071066;-1,25452053546906;;;
573608104,906937;-1,26214778423309;;;
576146171,742809;-1,26977503299713;;;
578684238,57868;-1,27740240097046;;;
581222305,414552;-1,2850296497345;;;
583760372,250423;-1,29265701770782;;;
586298439,086294;-1,30807268619537;;;
588836505,922166;-1,3309713602066;;;
591374572,758037;-1,35387003421783;;;
593912639,593909;-1,37676870822906;;;
596450706,42978;-1,3996673822403;;;
598988773,265651;-1,42256605625153;;;
601526840,101523;-1,43296277523041;;;
604064906,937394;-1,43502485752106;;;
606602973,773266;-1,43708693981171;;;
609141040,609137;-1,43914902210236;;;
611679107,445009;-1,44121110439301;;;
614217174,28088;-1,44327330589294;;;
616755241,116751;-1,43931937217712;;;
619293307,952623;-1,43266272544861;;;
621831374,788494;-1,42600607872009;;;
624369441,624365;-1,41934931278229;;;
626907508,460237;-1,41269266605377;;;
629445575,296108;-1,40603601932526;;;
631983642,13198;-1,40265154838562;;;
634521708,967851;-1,40019011497498;;;
637059775,803723;-1,39772856235504;;;
639597842,639594;-1,3952671289444;;;
642135909,475465;-1,39280569553375;;;
644673976,311337;-1,39034414291382;;;
647212043,147208;-1,39652168750763;;;
649750109,98308;-1,4039900302887;;;
652288176,818951;-1,41145837306976;;;
654826243,654822;-1,41892671585083;;;
657364310,490694;-1,4263950586319;;;
659902377,326565;-1,43386340141296;;;
662440444,162437;-1,44670760631561;;;
664978510,998308;-1,45977592468262;;;
667516577,834179;-1,47284412384033;;;
670054644,670051;-1,48591232299805;;;
672592711,505922;-1,49898064136505;;;
675130778,341794;-1,51187515258789;;;
677668845,177665;-1,52147006988525;;;
680206912,013536;-1,53106486797333;;;
682744978,849408;-1,5406596660614;;;
685283045,685279;-1,55025458335876;;;
687821112,521151;-1,55984938144684;;;
690359179,357022;-1,56291103363037;;;
692897246,192893;-1,52584040164948;;;
695435313,028765;-1,48876976966858;;;
697973379,864636;-1,45169901847839;;;
700511446,700508;-1,4146283864975;;;
703049513,536379;-1,3775577545166;;;
705587580,37225;-1,3503851890564;;;
708125647,208122;-1,35634958744049;;;
710663714,043993;-1,36231398582458;;;
713201780,879865;-1,36827838420868;;;
715739847,715736;-1,37424278259277;;;
718277914,551607;-1,38020718097687;;;
720815981,387479;-1,39047396183014;;;
723354048,22335;-1,40988314151764;;;
725892115,059222;-1,42929220199585;;;
728430181,895093;-1,44870138168335;;;
730968248,730965;-1,46811044216156;;;
733506315,566836;-1,48751962184906;;;
736044382,402707;-1,50298893451691;;;
738582449,238579;-1,51278865337372;;;
741120516,07445;-1,52258849143982;;;
743658582,910321;-1,53238821029663;;;
746196649,746193;-1,54218792915344;;;
748734716,582064;-1,55198776721954;;;
751272783,417936;-1,55620718002319;;;
753810850,253807;-1,55484640598297;;;
756348917,089679;-1,55348563194275;;;
758886983,92555;-1,55212485790253;;;
761425050,761421;-1,55076396465302;;;
763963117,597293;-1,54940319061279;;;
766501184,433164;-1,54319822788239;;;
769039251,269036;-1,53362691402435;;;
771577318,104907;-1,52405571937561;;;
774115384,940778;-1,51448440551758;;;
776653451,77665;-1,50491309165955;;;
779191518,612521;-1,4953418970108;;;
781729585,448393;-1,48209178447723;;;
784267652,284264;-1,46711051464081;;;
786805719,120135;-1,45212936401367;;;
789343785,956007;-1,43714809417725;;;
791881852,791878;-1,42216682434082;;;
794419919,62775;-1,40718555450439;;;
796957986,463621;-1,40540313720703;;;
799496053,299492;-1,40756320953369;;;
802034120,135364;-1,40972328186035;;;
804572186,971235;-1,41188335418701;;;
807110253,807107;-1,41404330730438;;;
809648320,642978;-1,41620337963104;;;
812186387,478849;-1,42560923099518;;;
814724454,314721;-1,43619441986084;;;
817262521,150592;-1,44677972793579;;;
819800587,986464;-1,45736503601074;;;
822338654,822335;-1,46795034408569;;;
824876721,658206;-1,47853565216064;;;
827414788,494078;-1,48118507862091;;;
829952855,329949;-1,48341679573059;;;
832490922,165821;-1,48564839363098;;;
835028989,001692;-1,48788011074066;;;
837567055,837564;-1,49011182785034;;;
840105122,673435;-1,49272871017456;;;
842643189,509306;-1,50459122657776;;;
845181256,345178;-1,51645374298096;;;
847719323,181049;-1,52831625938416;;;
850257390,016921;-1,54017877578735;;;
852795456,852792;-1,55204129219055;;;
855333523,688663;-1,55725967884064;;;
857871590,524535;-1,51801311969757;;;
860409657,360406;-1,47876667976379;;;
862947724,196278;-1,43952012062073;;;
865485791,032149;-1,40027356147766;;;
868023857,86802;-1,36102700233459;;;
870561924,703892;-1,33219695091248;;;
873099991,539763;-1,34029793739319;;;
875638058,375635;-1,34839880466461;;;
878176125,211506;-1,35649967193604;;;
880714192,047377;-1,36460065841675;;;
883252258,883249;-1,37270152568817;;;
885790325,71912;-1,37984275817871;;;
888328392,554992;-1,38484799861908;;;
890866459,390863;-1,38985323905945;;;
893404526,226734;-1,39485847949982;;;
895942593,062606;-1,39986383914948;;;
898480659,898477;-1,40486907958984;;;
901018726,734349;-1,40906977653503;;;
903556793,57022;-1,41206383705139;;;
906094860,406091;-1,41505777835846;;;
908632927,241963;-1,41805171966553;;;
911170994,077834;-1,42104578018188;;;
913709060,913706;-1,42403972148895;;;
916247127,749577;-1,42693698406219;;;
918785194,585448;-1,42973339557648;;;
921323261,42132;-1,43252992630005;;;
923861328,257191;-1,43532633781433;;;
926399395,093063;-1,4381228685379;;;
928937461,928934;-1,44091928005219;;;
931475528,764805;-1,44405722618103;;;
934013595,600677;-1,4474424123764;;;
936551662,436548;-1,45082747936249;;;
939089729,27242;-1,45421266555786;;;
941627796,108291;-1,45759773254395;;;
944165862,944162;-1,46098291873932;;;
946703929,780034;-1,46211814880371;;;
949241996,615905;-1,46214532852173;;;
951780063,451777;-1,46217238903046;;;
954318130,287648;-1,46219956874847;;;
956856197,12352;-1,4622266292572;;;
959394263,959391;-1,46225368976593;;;
961932330,795262;-1,47512519359589;;;
964470397,631134;-1,4920529127121;;;
967008464,467005;-1,50898051261902;;;
969546531,302876;-1,52590811252594;;;
972084598,138748;-1,54283583164215;;;
974622664,974619;-1,55976343154907;;;
977160731,810491;-1,56586444377899;;;
979698798,646362;-1,57005476951599;;;
982236865,482234;-1,57424509525299;;;
984774932,318105;-1,57843542098999;;;
987312999,153976;-1,58262586593628;;;
989851065,989848;-1,58681619167328;;;
992389132,825719;-1,57451021671295;;;
994927199,661591;-1,56115138530731;;;
997465266,497462;-1,54779255390167;;;
1000003333,33333;-1,53443372249603;;;
1002541400,1692;-1,5210747718811;;;
1005079467,00508;-1,50855886936188;;;
1007617533,84095;-1,52329814434052;;;
1010155600,67682;-1,53803730010986;;;
1012693667,51269;-1,55277645587921;;;
1015231734,34856;-1,56751561164856;;;
1017769801,18443;-1,5822548866272;;;
1020307868,0203;-1,59485840797424;;;
1022845934,85618;-1,59180080890656;;;
1025384001,69205;-1,58874332904816;;;
1027922068,52792;-1,58568572998047;;;
1030460135,36379;-1,58262813091278;;;
1032998202,19966;-1,57957053184509;;;
1035536269,03553;-1,57587742805481;;;
1038074335,8714;-1,56979334354401;;;
1040612402,70728;-1,56370913982391;;;
1043150469,54315;-1,55762493610382;;;
1045688536,37902;-1,55154085159302;;;
1048226603,21489;-1,54545664787292;;;
1050764670,05076;-1,53742742538452;;;
1053302736,88663;-1,52485954761505;;;
1055840803,7225;-1,51229178905487;;;
1058378870,55838;-1,4997239112854;;;
1060916937,39425;-1,48715603351593;;;
1063455004,23012;-1,47458815574646;;;
1065993071,06599;-1,46314823627472;;;
1068531137,90186;-1,45347261428833;;;
1071069204,73773;-1,44379687309265;;;
1073607271,5736;-1,43412125110626;;;
1076145338,40948;-1,42444562911987;;;
1078683405,24535;-1,41476988792419;;;
1081221472,08122;-1,41605389118195;;;
1083759538,91709;-1,42921090126038;;;
1086297605,75296;-1,44236791133881;;;
1088835672,58883;-1,45552492141724;;;
1091373739,4247;-1,46868193149567;;;
1093911806,26058;-1,48183882236481;;;
1096449873,09645;-1,49567842483521;;;
1098987939,93232;-1,51003289222717;;;
1101526006,76819;-1,52438747882843;;;
1104064073,60406;-1,5387419462204;;;
1106602140,43993;-1,55309641361237;;;
1109140207,2758;-1,56745088100433;;;
1111678274,11168;-1,57525813579559;;;
1114216340,94755;-1,5796924829483;;;
1116754407,78342;-1,58412683010101;;;
1119292474,61929;-1,58856117725372;;;
1121830541,45516;-1,59299552440643;;;
1124368608,29103;-1,59742975234985;;;
1126906675,1269;-1,59221458435059;;;
1129444741,96277;-1,58378291130066;;;
1131982808,79865;-1,57535123825073;;;
1134520875,63452;-1,56691944599152;;;
1137058942,47039;-1,55848777294159;;;
1139597009,30626;-1,55005609989166;;;
1142135076,14213;-1,55506360530853;;;
1144673142,978;-1,56263113021851;;;
1147211209,81387;-1,57019853591919;;;
1149749276,64975;-1,57776594161987;;;
1152287343,48562;-1,58533334732056;;;
1154825410,32149;-1,59290075302124;;;
1157363477,15736;-1,61374366283417;;;
1159901543,99323;-1,63558566570282;;;
1162439610,8291;-1,65742766857147;;;
1164977677,66497;-1,67926979064941;;;
1167515744,50085;-1,70111179351807;;;
1170053811,33672;-1,72263860702515;;;
1172591878,17259;-1,72872066497803;;;
1175129945,00846;-1,73480272293091;;;
1177668011,84433;-1,74088478088379;;;
1180206078,6802;-1,74696683883667;;;
1182744145,51607;-1,75304889678955;;;
1185282212,35195;-1,75618731975555;;;
1187820279,18782;-1,73550868034363;;;
1190358346,02369;-1,71483016014099;;;
1192896412,85956;-1,69415152072906;;;
1195434479,69543;-1,67347288131714;;;
1197972546,5313;-1,6527943611145;;;
1200510613,36717;-1,63346219062805;;;
1203048680,20305;-1,61951577663422;;;
1205586747,03892;-1,60556936264038;;;
1208124813,87479;-1,59162294864655;;;
1210662880,71066;-1,57767653465271;;;
1213200947,54653;-1,56373023986816;;;
1215739014,3824;-1,55709612369537;;;
1218277081,21827;-1,56836462020874;;;
1220815148,05415;-1,57963311672211;;;
1223353214,89002;-1,59090173244476;;;
1225891281,72589;-1,60217022895813;;;
1228429348,56176;-1,6134387254715;;;
1230967415,39763;-1,62870061397552;;;
1233505482,2335;-1,65047800540924;;;
1236043549,06937;-1,67225527763367;;;
1238581615,90525;-1,69403266906738;;;
1241119682,74112;-1,71580994129181;;;
1243657749,57699;-1,73758733272552;;;
1246195816,41286;-1,74418210983276;;;
1248733883,24873;-1,73365616798401;;;
1251271950,0846;-1,72313022613525;;;
1253810016,92047;-1,71260440349579;;;
1256348083,75635;-1,70207846164703;;;
1258886150,59222;-1,69155251979828;;;
1261424217,42809;-1,68099665641785;;;
1263962284,26396;-1,67041707038879;;;
1266500351,09983;-1,65983760356903;;;
1269038417,9357;-1,64925813674927;;;
1271576484,77157;-1,6386786699295;;;
1274114551,60745;-1,62809920310974;;;
1276652618,44332;-1,63469016551971;;;
1279190685,27919;-1,65052676200867;;;
1281728752,11506;-1,66636347770691;;;
1284266818,95093;-1,68220007419586;;;
1286804885,7868;-1,69803667068481;;;
1289342952,62267;-1,71387338638306;;;
1291881019,45854;-1,73359847068787;;;
1294419086,29442;-1,75468981266022;;;
1296957153,13029;-1,77578127384186;;;
1299495219,96616;-1,79687261581421;;;
1302033286,80203;-1,81796395778656;;;
1304571353,6379;-1,83905529975891;;;
1307109420,47377;-1,84610068798065;;;
1309647487,30964;-1,85026907920837;;;
1312185554,14552;-1,8544374704361;;;
1314723620,98139;-1,85860586166382;;;
1317261687,81726;-1,86277425289154;;;
1319799754,65313;-1,86694276332855;;;
1322337821,489;-1,85682678222656;;;
1324875888,32487;-1,84546864032745;;;
1327413955,16074;-1,83411061763763;;;
1329952021,99662;-1,82275247573853;;;
1332490088,83249;-1,81139445304871;;;
1335028155,66836;-1,80011451244354;;;
1337566222,50423;-1,79657137393951;;;
1340104289,3401;-1,79302823543549;;;
1342642356,17597;-1,78948509693146;;;
1345180423,01184;-1,78594195842743;;;
1347718489,84772;-1,78239893913269;;;
1350256556,68359;-1,78041338920593;;;
1352794623,51946;-1,79244685173035;;;
1355332690,35533;-1,80448019504547;;;
1357870757,1912;-1,81651365756989;;;
1360408824,02707;-1,82854700088501;;;
1362946890,86294;-1,84058046340942;;;
1365484957,69882;-1,85226345062256;;;
1368023024,53469;-1,86245262622833;;;
1370561091,37056;-1,87264168262482;;;
1373099158,20643;-1,88283085823059;;;
1375637225,0423;-1,89302003383636;;;
1378175291,87817;-1,90320920944214;;;
1380713358,71404;-1,90964615345001;;;
1383251425,54992;-1,9064347743988;;;
1385789492,38579;-1,90322351455688;;;
1388327559,22166;-1,90001213550568;;;
1390865626,05753;-1,89680075645447;;;
1393403692,8934;-1,89358937740326;;;
1395941759,72927;-1,88712990283966;;;
1398479826,56514;-1,87513971328735;;;
1401017893,40102;-1,86314964294434;;;
1403555960,23689;-1,85115945339203;;;
1406094027,07276;-1,83916926383972;;;
1408632093,90863;-1,8271791934967;;;
1411170160,7445;-1,82098090648651;;;
1413708227,58037;-1,82158184051514;;;
1416246294,41624;-1,82218277454376;;;
1418784361,25212;-1,82278370857239;;;
1421322428,08799;-1,82338464260101;;;
1423860494,92386;-1,82398557662964;;;
1426398561,75973;-1,82968306541443;;;
1428936628,5956;-1,83955061435699;;;
1431474695,43147;-1,84941816329956;;;
1434012762,26734;-1,85928571224213;;;
1436550829,10321;-1,86915326118469;;;
1439088895,93909;-1,87902081012726;;;
1441626962,77496;-1,88919961452484;;;
1444165029,61083;-1,89955353736877;;;
1446703096,4467;-1,90990746021271;;;
1449241163,28257;-1,92026138305664;;;
1451779230,11844;-1,93061518669128;;;
1454317296,95431;-1,94096910953522;;;
1456855363,79019;-1,94048023223877;;;
1459393430,62606;-1,93598103523254;;;
1461931497,46193;-1,93148183822632;;;
1464469564,2978;-1,92698264122009;;;
1467007631,13367;-1,92248344421387;;;
1469545697,96954;-1,91798424720764;;;
1472083764,80541;-1,91208481788635;;;
1474621831,64129;-1,90587794780731;;;
1477159898,47716;-1,89967119693756;;;
1479697965,31303;-1,89346444606781;;;
1482236032,1489;-1,88725757598877;;;
1484774098,98477;-1,88105082511902;;;
1487312165,82064;-1,8809198141098;;;
1489850232,65651;-1,88138973712921;;;
1492388299,49239;-1,88185966014862;;;
1494926366,32826;-1,88232946395874;;;
1497464433,16413;-1,88279938697815;;;
1500002500;-1,88326930999756;;;
1502540566,83587;-1,8868100643158;;;
1505078633,67174;-1,89035069942474;;;
1507616700,50761;-1,89389145374298;;;
1510154767,34349;-1,89743208885193;;;
1512692834,17936;-1,90097284317017;;;
1515230901,01523;-1,90440392494202;;;
1517768967,8511;-1,90672743320465;;;
1520307034,68697;-1,90905094146729;;;
1522845101,52284;-1,91137444972992;;;
1525383168,35871;-1,91369795799255;;;
1527921235,19459;-1,91602146625519;;;
1530459302,03046;-1,91222715377808;;;
1532997368,86633;-1,88056254386902;;;
1535535435,7022;-1,84889805316925;;;
1538073502,53807;-1,81723344326019;;;
1540611569,37394;-1,78556895256042;;;
1543149636,20981;-1,75390434265137;;;
1545687703,04569;-1,73048329353333;;;
1548225769,88156;-1,72935056686401;;;
1550763836,71743;-1,72821772098541;;;
1553301903,5533;-1,7270849943161;;;
1555839970,38917;-1,7259521484375;;;
1558378037,22504;-1,72481942176819;;;
1560916104,06091;-1,72443127632141;;;
1563454170,89679;-1,72536718845367;;;
1565992237,73266;-1,72630321979523;;;
1568530304,56853;-1,72723913192749;;;
1571068371,4044;-1,72817504405975;;;
1573606438,24027;-1,72911095619202;;;
1576144505,07614;-1,72943186759949;;;
1578682571,91201;-1,72900092601776;;;
1581220638,74788;-1,72857010364532;;;
1583758705,58376;-1,72813928127289;;;
1586296772,41963;-1,72770845890045;;;
1588834839,2555;-1,72727763652802;;;
1591372906,09137;-1,72237598896027;;;
1593910972,92724;-1,71366620063782;;;
1596449039,76311;-1,70495629310608;;;
1598987106,59898;-1,69624638557434;;;
1601525173,43486;-1,6875364780426;;;
1604063240,27073;-1,67882657051086;;;
1606601307,1066;-1,67720782756805;;;
1609139373,94247;-1,67975389957428;;;
1611677440,77834;-1,68229997158051;;;
1614215507,61421;-1,68484592437744;;;
1616753574,45008;-1,68739199638367;;;
1619291641,28596;-1,68993806838989;;;
1621829708,12183;-1,69309711456299;;;
1624367774,9577;-1,6964944601059;;;
1626905841,79357;-1,69989192485809;;;
1629443908,62944;-1,703289270401;;;
1631981975,46531;-1,7066867351532;;;
1634520042,30118;-1,71008408069611;;;
1637058109,13706;-1,70803785324097;;;
1639596175,97293;-1,70471465587616;;;
1642134242,8088;-1,70139145851135;;;
1644672309,64467;-1,69806826114655;;;
1647210376,48054;-1,69474506378174;;;
1649748443,31641;-1,69142198562622;;;
1652286510,15228;-1,68704676628113;;;
1654824576,98816;-1,68255460262299;;;
1657362643,82403;-1,67806255817413;;;
1659900710,6599;-1,67357039451599;;;
1662438777,49577;-1,66907823085785;;;
1664976844,33164;-1,664586186409;;;
1667514911,16751;-1,67290687561035;;;
1670052978,00338;-1,68135690689087;;;
1672591044,83926;-1,68980705738068;;;
1675129111,67513;-1,69825720787048;;;
1677667178,511;-1,706707239151;;;
1680205245,34687;-1,71659064292908;;;
1682743312,18274;-1,74295687675476;;;
1685281379,01861;-1,76932322978973;;;
1687819445,85448;-1,79568946361542;;;
1690357512,69036;-1,8220556974411;;;
1692895579,52623;-1,84842205047607;;;
1695433646,3621;-1,87025272846222;;;
1697971713,19797;-1,86993896961212;;;
1700509780,03384;-1,86962532997131;;;
1703047846,86971;-1,86931157112122;;;
1705585913,70558;-1,86899793148041;;;
1708123980,54146;-1,86868417263031;;;
1710662047,37733;-1,87542152404785;;;
1713200114,2132;-1,90222704410553;;;
1715738181,04907;-1,92903256416321;;;
1718276247,88494;-1,95583808422089;;;
1720814314,72081;-1,98264360427856;;;
1723352381,55668;-2,00944900512695;;;
1725890448,39256;-2,02175164222717;;;
1728428515,22843;-2,00712060928345;;;
1730966582,0643;-1,99248957633972;;;
1733504648,90017;-1,977858543396;;;
1736042715,73604;-1,96322751045227;;;
1738580782,57191;-1,94859635829926;;;
1741118849,40778;-1,94377326965332;;;
1743656916,24365;-1,95143294334412;;;
1746194983,07953;-1,9590927362442;;;
1748733049,9154;-1,966752409935;;;
1751271116,75127;-1,97441220283508;;;
1753809183,58714;-1,98207187652588;;;
1756347250,42301;-1,99461650848389;;;
1758885317,25888;-2,01149272918701;;;
1761423384,09475;-2,02836918830872;;;
1763961450,93063;-2,04524540901184;;;
1766499517,7665;-2,06212162971497;;;
1769037584,60237;-2,07899808883667;;;
1771575651,43824;-2,07698965072632;;;
1774113718,27411;-2,0634069442749;;;
1776651785,10998;-2,04982399940491;;;
1779189851,94585;-2,03624129295349;;;
1781727918,78173;-2,0226583480835;;;
1784265985,6176;-2,0090754032135;;;
1786804052,45347;-1,98713040351868;;;
1789342119,28934;-1,96176981925964;;;
1791880186,12521;-1,93640911579132;;;
1794418252,96108;-1,91104853153229;;;
1796956319,79695;-1,88568782806396;;;
1799494386,63283;-1,86032724380493;;;
1802032453,4687;-1,86540079116821;;;
1804570520,30457;-1,87808287143707;;;
1807108587,14044;-1,89076495170593;;;
1809646653,97631;-1,90344703197479;;;
1812184720,81218;-1,91612923145294;;;
1814722787,64805;-1,9288113117218;;;
1817260854,48393;-1,95463025569916;;;
1819798921,3198;-1,9820728302002;;;
1822336988,15567;-2,00951528549194;;;
1824875054,99154;-2,03695797920227;;;
1827413121,82741;-2,06440043449402;;;
1829951188,66328;-2,09184312820435;;;
1832489255,49915;-2,09455680847168;;;
1835027322,33503;-2,09676599502563;;;
1837565389,1709;-2,09897518157959;;;
1840103456,00677;-2,10118412971497;;;
1842641522,84264;-2,10339331626892;;;
1845179589,67851;-2,1034197807312;;;
1847717656,51438;-2,07444739341736;;;
1850255723,35025;-2,04547500610352;;;
1852793790,18613;-2,01650261878967;;;
1855331857,022;-1,98753035068512;;;
1857869923,85787;-1,95855808258057;;;
1860407990,69374;-1,93266141414642;;;
1862946057,52961;-1,92291271686554;;;
1865484124,36548;-1,91316390037537;;;
1868022191,20135;-1,90341508388519;;;
1870560258,03723;-1,89366638660431;;;
1873098324,8731;-1,88391757011414;;;
1875636391,70897;-1,88629043102264;;;
1878174458,54484;-1,92502796649933;;;
1880712525,38071;-1,96376550197601;;;
1883250592,21658;-2,00250315666199;;;
1885788659,05245;-2,04124069213867;;;
1888326725,88832;-2,07997822761536;;;
1890864792,7242;-2,11216378211975;;;
1893402859,56007;-2,13163113594055;;;
1895940926,39594;-2,15109825134277;;;
1898478993,23181;-2,17056560516357;;;
1901017060,06768;-2,1900327205658;;;
1903555126,90355;-2,2095000743866;;;
1906093193,73942;-2,20955443382263;;;
1908631260,5753;-2,1838755607605;;;
1911169327,41117;-2,15819668769836;;;
1913707394,24704;-2,13251781463623;;;
1916245461,08291;-2,1068389415741;;;
1918783527,91878;-2,08116006851196;;;
1921321594,75465;-2,04808807373047;;;
1923859661,59052;-2,00819158554077;;;
1926397728,4264;-1,96829509735107;;;
1928935795,26227;-1,92839860916138;;;
1931473862,09814;-1,88850212097168;;;
1934011928,93401;-1,84860563278198;;;
1936549995,76988;-1,81798315048218;;;
1939088062,60575;-1,79328989982605;;;
1941626129,44162;-1,76859664916992;;;
1944164196,2775;-1,74390339851379;;;
1946702263,11337;-1,71921014785767;;;
1949240329,94924;-1,69451689720154;;;
1951778396,78511;-1,72382247447968;;;
1954316463,62098;-1,77627038955688;;;
1956854530,45685;-1,82871830463409;;;
1959392597,29272;-1,8811662197113;;;
1961930664,1286;-1,93361413478851;;;
1964468730,96447;-1,98606204986572;;;
1967006797,80034;-2,0069055557251;;;
1969544864,63621;-2,01934766769409;;;
1972082931,47208;-2,03179001808167;;;
1974620998,30795;-2,04423236846924;;;
1977159065,14382;-2,05667471885681;;;
1979697131,9797;-2,06911706924438;;;
1982235198,81557;-2,03838229179382;;;
1984773265,65144;-2,00176000595093;;;
1987311332,48731;-1,96513760089874;;;
1989849399,32318;-1,92851519584656;;;
1992387466,15905;-1,89189279079437;;;
1994925532,99492;-1,85527038574219;;;
1997463599,8308;-1,85752296447754;;;
2000001666,66667;-1,86097776889801;;;
2002539733,50254;-1,86443269252777;;;
2005077800,33841;-1,86788749694824;;;
2007615867,17428;-1,871342420578;;;
2010153934,01015;-1,87580609321594;;;
2012692000,84602;-1,89607560634613;;;
2015230067,6819;-1,91634511947632;;;
2017768134,51777;-1,93661463260651;;;
2020306201,35364;-1,95688426494598;;;
2022844268,18951;-1,97715377807617;;;
2025382335,02538;-2,0085346698761;;;
2027920401,86125;-2,10287928581238;;;
2030458468,69712;-2,19722390174866;;;
2032996535,53299;-2,29156875610352;;;
2035534602,36887;-2,38591337203979;;;
2038072669,20474;-2,48025798797607;;;
2040610736,04061;-2,51142740249634;;;
2043148802,87648;-2,34254145622253;;;
2045686869,71235;-2,17365550994873;;;
2048224936,54822;-2,00476980209351;;;
2050763003,38409;-1,8358838558197;;;
2053301070,21997;-1,6669979095459;;;
2055839137,05584;-1,55269551277161;;;
2058377203,89171;-1,54921388626099;;;
2060915270,72758;-1,54573225975037;;;
2063453337,56345;-1,54225063323975;;;
2065991404,39932;-1,53876900672913;;;
2068529471,23519;-1,53528738021851;;;
2071067538,07107;-1,51392364501953;;;
2073605604,90694;-1,46786594390869;;;
2076143671,74281;-1,42180812358856;;;
2078681738,57868;-1,37575030326843;;;
2081219805,41455;-1,32969260215759;;;
2083757872,25042;-1,28363478183746;;;
2086295939,08629;-1,27916574478149;;;
2088834005,92217;-1,31465470790863;;;
2091372072,75804;-1,35014367103577;;;
2093910139,59391;-1,3856326341629;;;
2096448206,42978;-1,42112159729004;;;
2098986273,26565;-1,45661056041718;;;
2101524340,10152;-1,48853600025177;;;
2104062406,93739;-1,51808559894562;;;
2106600473,77327;-1,54763531684875;;;
2109138540,60914;-1,57718503475189;;;
2111676607,44501;-1,60673475265503;;;
2114214674,28088;-1,63628447055817;;;
2116752741,11675;-1,65568399429321;;;
2119290807,95262;-1,67052316665649;;;
2121828874,78849;-1,68536245822906;;;
2124366941,62437;-1,70020163059235;;;
2126905008,46024;-1,71504092216492;;;
2129443075,29611;-1,7298800945282;;;
2131981142,13198;-1,71581327915192;;;
2134519208,96785;-1,69359350204468;;;
2137057275,80372;-1,67137372493744;;;
2139595342,63959;-1,6491539478302;;;
2142133409,47547;-1,62693405151367;;;
2144671476,31134;-1,60471427440643;;;
2147209543,14721;-1,5748370885849;;;
2149747609,98308;-1,54381573200226;;;
2152285676,81895;-1,51279437541962;;;
2154823743,65482;-1,48177301883698;;;
2157361810,49069;-1,45075166225433;;;
2159899877,32657;-1,41973030567169;;;
2162437944,16244;-1,43512785434723;;;
2164976010,99831;-1,45245957374573;;;
2167514077,83418;-1,46979129314423;;;
2170052144,67005;-1,48712301254272;;;
2172590211,50592;-1,50445473194122;;;
2175128278,34179;-1,52355301380157;;;
2177666345,17767;-1,57621812820435;;;
2180204412,01354;-1,62888324260712;;;
2182742478,84941;-1,68154835700989;;;
2185280545,68528;-1,73421335220337;;;
2187818612,52115;-1,78687846660614;;;
2190356679,35702;-1,83375322818756;;;
2192894746,19289;-1,8450585603714;;;
2195432813,02876;-1,85636389255524;;;
2197970879,86464;-1,86766922473907;;;
2200508946,70051;-1,87897443771362;;;
2203047013,53638;-1,89027976989746;;;
2205585080,37225;-1,89332640171051;;;
2208123147,20812;-1,8687242269516;;;
2210661214,04399;-1,8441219329834;;;
2213199280,87986;-1,81951975822449;;;
2215737347,71574;-1,79491758346558;;;
2218275414,55161;-1,77031528949738;;;
2220813481,38748;-1,74304175376892;;;
2223351548,22335;-1,71009135246277;;;
2225889615,05922;-1,67714107036591;;;
2228427681,89509;-1,64419066905975;;;
2230965748,73096;-1,61124038696289;;;
2233503815,56684;-1,57828998565674;;;
2236041882,40271;-1,55884480476379;;;
2238579949,23858;-1,55883383750916;;;
2241118016,07445;-1,55882287025452;;;
2243656082,91032;-1,55881190299988;;;
2246194149,74619;-1,55880093574524;;;
2248732216,58206;-1,5587899684906;;;
2251270283,41794;-1,56641745567322;;;
2253808350,25381;-1,5816832780838;;;
2256346417,08968;-1,59694921970367;;;
2258884483,92555;-1,61221504211426;;;
2261422550,76142;-1,62748098373413;;;
2263960617,59729;-1,642746925354;;;
2266498684,43316;-1,64903295040131;;;
2269036751,26904;-1,64907872676849;;;
2271574818,10491;-1,64912462234497;;;
2274112884,94078;-1,64917039871216;;;
2276650951,77665;-1,64921629428864;;;
2279189018,61252;-1,64926207065582;;;
2281727085,44839;-1,64023423194885;;;
2284265152,28426;-1,62693631649017;;;
2286803219,12014;-1,61363840103149;;;
2289341285,95601;-1,6003406047821;;;
2291879352,79188;-1,58704268932343;;;
2294417419,62775;-1,57374489307404;;;
2296955486,46362;-1,58674514293671;;;
2299493553,29949;-1,60760080814362;;;
2302031620,13536;-1,62845635414124;;;
2304569686,97124;-1,64931201934814;;;
2307107753,80711;-1,67016768455505;;;
2309645820,64298;-1,69102323055267;;;
2312183887,47885;-1,6996009349823;;;
2314721954,31472;-1,70617973804474;;;
2317260021,15059;-1,71275866031647;;;
2319798087,98646;-1,7193375825882;;;
2322336154,82234;-1,72591650485992;;;
2324874221,65821;-1,73249542713165;;;
2327412288,49408;-1,73281419277191;;;
2329950355,32995;-1,73280358314514;;;
2332488422,16582;-1,73279285430908;;;
2335026489,00169;-1,73278224468231;;;
2337564555,83756;-1,73277163505554;;;
2340102622,67343;-1,73218274116516;;;
2342640689,50931;-1,71771657466888;;;
2345178756,34518;-1,70325040817261;;;
2347716823,18105;-1,68878424167633;;;
2350254890,01692;-1,67431807518005;;;
2352792956,85279;-1,65985190868378;;;
2355331023,68866;-1,646728515625;;;
2357869090,52453;-1,64259111881256;;;
2360407157,36041;-1,63845372200012;;;
2362945224,19628;-1,63431620597839;;;
2365483291,03215;-1,63017880916595;;;
2368021357,86802;-1,62604141235352;;;
2370559424,70389;-1,62548243999481;;;
2373097491,53976;-1,63761067390442;;;
2375635558,37563;-1,64973902702332;;;
2378173625,21151;-1,66186726093292;;;
2380711692,04738;-1,67399549484253;;;
2383249758,88325;-1,68612384796143;;;
2385787825,71912;-1,69940745830536;;;
2388325892,55499;-1,71526265144348;;;
2390863959,39086;-1,7311178445816;;;
2393402026,22673;-1,74697303771973;;;
2395940093,06261;-1,76282823085785;;;
2398478159,89848;-1,77868342399597;;;
2401016226,73435;-1,78852939605713;;;
2403554293,57022;-1,7893613576889;;;
2406092360,40609;-1,79019331932068;;;
2408630427,24196;-1,79102540016174;;;
2411168494,07783;-1,79185736179352;;;
2413706560,91371;-1,79268944263458;;;
2416244627,74958;-1,78770554065704;;;
2418782694,58545;-1,77666842937469;;;
2421320761,42132;-1,76563131809235;;;
2423858828,25719;-1,75459408760071;;;
2426396895,09306;-1,74355697631836;;;
2428934961,92893;-1,73251986503601;;;
2431473028,76481;-1,72826647758484;;;
2434011095,60068;-1,72892558574677;;;
2436549162,43655;-1,7295845746994;;;
2439087229,27242;-1,73024356365204;;;
2441625296,10829;-1,73090255260468;;;
2444163362,94416;-1,7315616607666;;;
2446701429,78003;-1,73943948745728;;;
2449239496,61591;-1,75087296962738;;;
2451777563,45178;-1,7623063325882;;;
2454315630,28765;-1,7737398147583;;;
2456853697,12352;-1,78517329692841;;;
2459391763,95939;-1,79660665988922;;;
2461929830,79526;-1,80510342121124;;;
2464467897,63113;-1,81267285346985;;;
2467005964,46701;-1,82024216651917;;;
2469544031,30288;-1,82781159877777;;;
2472082098,13875;-1,83538091182709;;;
2474620164,97462;-1,84295034408569;;;
2477158231,81049;-1,83017230033875;;;
2479696298,64636;-1,81380367279053;;;
2482234365,48223;-1,79743504524231;;;
2484772432,31811;-1,7810662984848;;;
2487310499,15398;-1,76469767093658;;;
2489848565,98985;-1,74832904338837;;;
2492386632,82572;-1,73248088359833;;;
2494924699,66159;-1,71666610240936;;;
2497462766,49746;-1,70085120201111;;;
2500000833,33333;-1,68503630161285;;;
2502538900,1692;-1,66922152042389;;;
2505076967,00508;-1,65368056297302;;;
2507615033,84095;-1,64699673652649;;;
2510153100,67682;-1,64031302928925;;;
2512691167,51269;-1,63362920284271;;;
2515229234,34856;-1,62694537639618;;;
2517767301,18443;-1,62026166915894;;;
2520305368,0203;-1,61505174636841;;;
2522843434,85618;-1,62065088748932;;;
2525381501,69205;-1,62624990940094;;;
2527919568,52792;-1,63184905052185;;;
2530457635,36379;-1,63744807243347;;;
2532995702,19966;-1,64304721355438;;;
2535533769,03553;-1,65049457550049;;;
2538071835,8714;-1,66489481925964;;;
2540609902,70728;-1,67929518222809;;;
2543147969,54315;-1,69369554519653;;;
2545686036,37902;-1,70809578895569;;;
2548224103,21489;-1,72249615192413;;;
2550762170,05076;-1,73404335975647;;;
2553300236,88663;-1,73893344402313;;;
2555838303,7225;-1,74382340908051;;;
2558376370,55838;-1,74871349334717;;;
2560914437,39425;-1,75360357761383;;;
2563452504,23012;-1,7584935426712;;;
2565990571,06599;-1,75658857822418;;;
2568528637,90186;-1,74405527114868;;;
2571066704,73773;-1,73152184486389;;;
2573604771,5736;-1,71898853778839;;;
2576142838,40948;-1,70645523071289;;;
2578680905,24535;-1,69392192363739;;;
2581218972,08122;-1,67983901500702;;;
2583757038,91709;-1,66407740116119;;;
2586295105,75296;-1,64831590652466;;;
2588833172,58883;-1,63255429267883;;;
2591371239,4247;-1,61679267883301;;;
2593909306,26058;-1,60103106498718;;;
2596447373,09645;-1,61198735237122;;;
2598985439,93232;-1,64309942722321;;;
2601523506,76819;-1,6742115020752;;;
2604061573,60406;-1,70532357692719;;;
2606599640,43993;-1,73643565177917;;;
2609137707,2758;-1,76754760742188;;;
2611675774,11168;-1,80012369155884;;;
2614213840,94755;-1,8334538936615;;;
2616751907,78342;-1,86678409576416;;;
2619289974,61929;-1,90011429786682;;;
2621828041,45516;-1,93344449996948;;;
2624366108,29103;-1,96677470207214;;;
2626904175,1269;-1,98229479789734;;;
2629442241,96278;-1,99187839031219;;;
2631980308,79865;-2,00146198272705;;;
2634518375,63452;-2,01104545593262;;;
2637056442,47039;-2,02062892913818;;;
2639594509,30626;-2,03021264076233;;;
2642132576,14213;-2,01750636100769;;;
2644670642,978;-2,00055456161499;;;
2647208709,81387;-1,983602643013;;;
2649746776,64975;-1,9666508436203;;;
2652284843,48562;-1,9496990442276;;;
2654822910,32149;-1,93274712562561;;;
2657360977,15736;-1,90007448196411;;;
2659899043,99323;-1,86621856689453;;;
2662437110,8291;-1,83236265182495;;;
2664975177,66497;-1,79850673675537;;;
2667513244,50085;-1,76465082168579;;;
2670051311,33672;-1,73171138763428;;;
2672589378,17259;-1,74368226528168;;;
2675127445,00846;-1,75565302371979;;;
2677665511,84433;-1,7676237821579;;;
2680203578,6802;-1,77959454059601;;;
2682741645,51607;-1,79156541824341;;;
2685279712,35195;-1,80389773845673;;;
2687817779,18782;-1,81915557384491;;;
2690355846,02369;-1,83441340923309;;;
2692893912,85956;-1,84967124462128;;;
2695431979,69543;-1,86492908000946;;;
2697970046,5313;-1,88018679618835;;;
2700508113,36717;-1,89796996116638;;;
2703046180,20305;-1,92585396766663;;;
2705584247,03892;-1,95373809337616;;;
2708122313,87479;-1,98162221908569;;;
2710660380,71066;-2,00950622558594;;;
2713198447,54653;-2,03739023208618;;;
2715736514,3824;-2,05642414093018;;;
2718274581,21827;-2,05379033088684;;;
2720812648,05415;-2,05115652084351;;;
2723350714,89002;-2,04852271080017;;;
2725888781,72589;-2,04588890075684;;;
2728426848,56176;-2,0432550907135;;;
2730964915,39763;-2,03347730636597;;;
2733502982,2335;-2,01204323768616;;;
2736041049,06937;-1,99060940742493;;;
2738579115,90525;-1,96917545795441;;;
2741117182,74112;-1,94774150848389;;;
2743655249,57699;-1,92630755901337;;;
2746193316,41286;-1,90404522418976;;;
2748731383,24873;-1,88084876537323;;;
2751269450,0846;-1,85765242576599;;;
2753807516,92047;-1,83445596694946;;;
2756345583,75635;-1,81125962734222;;;
2758883650,59222;-1,78806328773499;;;
2761421717,42809;-1,80876624584198;;;
2763959784,26396;-1,86396145820618;;;
2766497851,09983;-1,91915678977966;;;
2769035917,9357;-1,97435212135315;;;
2771573984,77157;-2,02954745292664;;;
2774112051,60745;-2,08474278450012;;;
2776650118,44332;-2,13235306739807;;;
2779188185,27919;-2,17587900161743;;;
2781726252,11506;-2,21940493583679;;;
2784264318,95093;-2,26293087005615;;;
2786802385,7868;-2,30645680427551;;;
2789340452,62267;-2,34998273849487;;;
2791878519,45854;-2,35378360748291;;;
2794416586,29442;-2,3436267375946;;;
2796954653,13029;-2,33347010612488;;;
2799492719,96616;-2,32331347465515;;;
2802030786,80203;-2,31315660476685;;;
2804568853,6379;-2,30299997329712;;;
2807106920,47377;-2,23108744621277;;;
2809644987,30964;-2,14652609825134;;;
2812183054,14552;-2,06196451187134;;;
2814721120,98139;-1,9774032831192;;;
2817259187,81726;-1,89284181594849;;;
2819797254,65313;-1,80828046798706;;;
2822335321,489;-1,76435685157776;;;
2824873388,32487;-1,72396683692932;;;
2827411455,16074;-1,68357694149017;;;
2829949521,99662;-1,64318692684174;;;
2832487588,83249;-1,6027969121933;;;
2835025655,66836;-1,5628799200058;;;
2837563722,50423;-1,5697785615921;;;
2840101789,3401;-1,5766773223877;;;
2842639856,17597;-1,58357608318329;;;
2845177923,01184;-1,59047484397888;;;
2847715989,84772;-1,59737348556519;;;
2850254056,68359;-1,60534501075745;;;
2852792123,51946;-1,62297177314758;;;
2855330190,35533;-1,64059841632843;;;
2857868257,1912;-1,65822505950928;;;
2860406324,02707;-1,67585170269012;;;
2862944390,86294;-1,69347846508026;;;
2865482457,69882;-1,70209610462189;;;
2868020524,53469;-1,67230725288391;;;
2870558591,37056;-1,64251852035522;;;
2873096658,20643;-1,61272966861725;;;
2875634725,0423;-1,58294081687927;;;
2878172791,87817;-1,5531519651413;;;
2880710858,71404;-1,55719327926636;;;
2883248925,54992;-1,64822638034821;;;
2885786992,38579;-1,73925948143005;;;
2888325059,22166;-1,83029270172119;;;
2890863126,05753;-1,92132580280304;;;
2893401192,8934;-2,01235890388489;;;
2895939259,72927;-2,07224178314209;;;
2898477326,56514;-2,07908535003662;;;
2901015393,40102;-2,08592891693115;;;
2903553460,23689;-2,09277248382568;;;
2906091527,07276;-2,09961605072021;;;
2908629593,90863;-2,10645961761475;;;
2911167660,7445;-2,11427426338196;;;
2913705727,58037;-2,12322926521301;;;
2916243794,41624;-2,13218402862549;;;
2918781861,25212;-2,14113879203796;;;
2921319928,08799;-2,15009379386902;;;
2923857994,92386;-2,15904855728149;;;
2926396061,75973;-2,15511894226074;;;
2928934128,5956;-2,14064717292786;;;
2931472195,43147;-2,12617564201355;;;
2934010262,26734;-2,11170387268066;;;
2936548329,10322;-2,09723234176636;;;
2939086395,93909;-2,08276057243347;;;
2941624462,77496;-2,06736040115356;;;
2944162529,61083;-2,05143785476685;;;
2946700596,4467;-2,03551506996155;;;
2949238663,28257;-2,01959252357483;;;
2951776730,11844;-2,00366973876953;;;
2954314796,95431;-1,98774719238281;;;
2956852863,79019;-2,00899171829224;;;
2959390930,62606;-2,0439829826355;;;
2961928997,46193;-2,07897424697876;;;
2964467064,2978;-2,11396551132202;;;
2967005131,13367;-2,14895677566528;;;
2969543197,96954;-2,18394804000854;;;
2972081264,80541;-2,21079134941101;;;
2974619331,64129;-2,23584604263306;;;
2977157398,47716;-2,2609007358551;;;
2979695465,31303;-2,28595542907715;;;
2982233532,1489;-2,31101012229919;;;
2984771598,98477;-2,33606481552124;;;
2987309665,82064;-2,34775614738464;;;
2989847732,65651;-2,35812592506409;;;
2992385799,49239;-2,36849570274353;;;
2994923866,32826;-2,37886548042297;;;
2997461933,16413;-2,38923501968384;;;
3000000000;-2,39960479736328;;;
